siteid|samistudyid|form|bxp|bxdos|bxw|bxinds|bxindr|bxindg|bxindp|bxindo|bxind|bxloclul|bxloclll|bxloclh|bxloclg|bxlocrul|bxlocrml|bxlocrll|bxlocrh|bxloce|bxlocm|bxlocp|bxloco|bxlocs|bxtosc|bxtosh|bxtopc|bxtopb|bxtopv|bxtopt|bxtopo|bxtopos|bxcp|bxcpct|bxcppt|bxcppn|bxcpo|bxcpos|bxpdt|rbmep|rbmed|rbmel|rbmllul|rbmllll|rbmllh|rbmllg|rbmlrul|rbmlrml|rbmlrll|rbmlrh|rbmle|rbmlm|rbmlp|rbmlo|rbmls|rbmec|rbmecos|rbmt|rbmte|rbmtk|rbmta|rbmtos|rbmto|cect1ch|cect2ch|cect3ch|cect4ch|cect5ch|cect6ch|cect7ch|cect8ch|cect9ch|cect10ch|cect1en|cect2en|cect3en|cect4en|cect5en|cect6en|cect7en|cect8en|cect9en|cect10en|cect1ll|cect2ll|cect3ll|cect4ll|cect5ll|cect6ll|cect7ll|cect8ll|cect9ll|cect10ll|cect1sn|cect2sn|cect3sn|cect4sn|cect5sn|cect6sn|cect7sn|cect8sn|cect9sn|cect10sn|cect1inl|cect1inh|cect2inl|cect2inh|cect3inl|cect3inh|cect4inl|cect4inh|cect5inl|cect5inh|cect6inl|cect6inh|cect7inl|cect7inh|cect8inl|cect8inh|cect9inl|cect9inh|cect10inl|cect10inh|cect1st|cect2st|cect3st|cect4st|cect5st|cect6st|cect7st|cect8st|cect9st|cect10st|cect1nt|cect2nt|cect3nt|cect4nt|cect5nt|cect6nt|cect7nt|cect8nt|cect9nt|cect10nt|cect1sl|cect2sl|cect3sl|cect4sl|cect5sl|cect6sl|cect7sl|cect8sl|cect9sl|cect10sl|cect1sw|cect2sw|cect3sw|cect4sw|cect5sw|cect6sw|cect7sw|cect8sw|cect9sw|cect10sw|cect1sh|cect2sh|cect3sh|cect4sh|cect5sh|cect6sh|cect7sh|cect8sh|cect9sh|cect10sh|cect1sv|cect2sv|cect3sv|cect4sv|cect5sv|cect6sv|cect7sv|cect8sv|cect9sv|cect10sv|cect1ssl|cect1ssw|cect2ssl|cect2ssw|cect3ssl|cect3ssw|cect4ssl|cect4ssw|cect5ssl|cect5ssw|cect6ssl|cect6ssw|cect7ssl|cect7ssw|cect8ssl|cect8ssw|cect9ssl|cect9ssw|cect10ssl|cect10ssw|cect1se|cect2se|cect3se|cect4se|cect5se|cect6se|cect7se|cect8se|cect9se|cect10se|cect1ca|cect2ca|cect3ca|cect4ca|cect5ca|cect6ca|cect7ca|cect8ca|cect9ca|cect10ca|cectin|cect1in|cect2in|cect3in|cect4in|cect5in|cect6in|cect7in|cect8in|cect9in|cect10in|cect1sp|cect2sp|cect3sp|cect4sp|cect5sp|cect6sp|cect7sp|cect8sp|cect9sp|cect10sp|cect1pld|cect2pld|cect3pld|cect4pld|cect5pld|cect6pld|cect7pld|cect8pld|cect9pld|cect10pld|cect1ac|cect2ac|cect3ac|cect4ac|cect5ac|cect6ac|cect7ac|cect8ac|cect9ac|cect10ac|cect1co|cect2co|cect3co|cect4co|cect5co|cect6co|cect7co|cect8co|cect9co|cect10co|cect1pd|cect2pd|cect3pd|cect4pd|cect5pd|cect6pd|cect7pd|cect8pd|cect9pd|cect10pd|cectancn|cectacn
XXX|XXX00051|bxform-2019-02-19|y|02/19/2019|VAPALS|s|r|g||||lul|||||||||||||c|h||b|||||n||||||PENDING|n||||||||||||||||||y|neg|neg|neg|||||||||||||||||||||||||||||||||||||||||||||||||||||||||||||||||||||||||||||||||||||||||||||||||||||||||||||||||||||||||||||||||||||||||||||||||||||||||||||||||||||||||||||||||||||||||||||||||||||||||||||||||||||||||||||||||
XXX|XXX00186|bxform-2018-06-15|y|06/15/2018|Fairfax|s||g|||||lll|||||||e||||||h|||||||n|||||||n||||||||||||||||||n||||||||||||||||||||||||||||||||||||||||||||||||||||||||||||||||||||||||||||||||||||||||||||||||||||||||||||||||||||||||||||||||||||||||||||||||||||||||||||||||||||||||||||||||||||||||||||||||||||||||||||||||||||||||||||||||||||
XXX|XXX00332|bxform-2018-06-18|y|06/18/2018|PHO|s||||||lul|lll||||||||||||||||||||n|||||||n||||||||||||||||||n||||||||||||||||||||||||||||||||||||||||||||||||||||||||||||||||||||||||||||||||||||||||||||||||||||||||||||||||||||||||||||||||||||||||||||||||||||||||||||||||||||||||||||||||||||||||||||||||||||||||||||||||||||||||||||||||||||
XXX|XXX00362|bxform-2019-11-22||||||||||||||||||||||||||||||||||||||||||||||||||||||||||||||||||||||||||||||||||||||||||||||||||||||||||||||||||||||||||||||||||||||||||||||||||||||||||||||||||||||||||||||||||||||||||||||||||||||||||||||||||||||||||||||||||||||||||||||||||||||||||||||||||||||||||||||||||||||||||||
XXX|XXX00507|bxform-2019-02-18||||||||||||||||||||||||||||||||||||||||||||||||||||||||||||||||||||||||||||||||||||||||||||||||||||||||||||||||||||||||||||||||||||||||||||||||||||||||||||||||||||||||||||||||||||||||||||||||||||||||||||||||||||||||||||||||||||||||||||||||||||||||||||||||||||||||||||||||||||||||||||
XXX|XXX00587|bxform-2020-02-05||||||||||||||||||||||||||||||||||||||||||||||||||||||||||||||||||||||||-|-|-|-|-|-|-|-|-|-|-|-|-|-|-|-|-|-|-|-|||||||||||||||||||||||||||||||-|-|-|-|-|-|-|-|-|-|-|-|-|-|-|-|-|-|-|-||||||||||||||||||||||||||||||||||||||||||||||||||||||||||||||||||||||||||||||||||||||||||||||||||||||||||||||||||||||||||||||||||||-|-|-|-|-|-|-|-|-|-||
XXX|XXX00691|bxform-2018-05-20|y|05/20/2018|Duke|||||o|location|||||||||e|||||c|h|||||o|Bronchoscopy|n||||||Await results|n||||||||||||||||||n||||||||||||||||||||||||||||||||||||||||||||||||||||||||||||||||||||||||||||||||||||||||||||||||||||||||||||||||||||||||||||||||||||||||||||||||||||||||||||||||||||||||||||||||||||||||||||||||||||||||||||||||||||||||||||||||||||
XXX|XXX00711|bxform-2018-06-25||||||||||||||||||||||||||||||||||||||||||||||||||||||||||||||||||||||||||||||||||||||||||||||||||||||||||||||||||||||||||||||||||||||||||||||||||||||||||||||||||||||||||||||||||||||||||||||||||||||||||||||||||||||||||||||||||||||||||||||||||||||||||||||||||||||||||||||||||||||||||||
XXX|XXX00757|bxform-2019-03-25||||||||||||||||||||||||||||||||||||||||||||||||||||||||||||||||||||||||||||||||||||||||||||||||||||||||||||||||||||||||||||||||||||||||||||||||||||||||||||||||||||||||||||||||||||||||||||||||||||||||||||||||||||||||||||||||||||||||||||||||||||||||||||||||||||||||||||||||||||||||||||
XXX|XXX00757|bxform-2019-03-26||||||||||||||||||||||||||||||||||||||||||||||||||||||||||||||||||||||||||||||||||||||||||||||||||||||||||||||||||||||||||||||||||||||||||||||||||||||||||||||||||||||||||||||||||||||||||||||||||||||||||||||||||||||||||||||||||||||||||||||||||||||||||||||||||||||||||||||||||||||||||||
