FIELD NUM	QUESTION	NAME	TYPE	REQUIRED	PLACEHOLDER	VALUES	LABELS
1	Clinical TNM status (8th edition)	rbcst8	select-one	0		-;0;is;1am;1as;1a1;1b;1c;2v;2c;2a;2b;3;3i;3s;4;4i;4n;x	-;T0;Tis;T1a mi;T1a SS;T1a;T1b;T1c;T2 Visc Pl;T2 Centr;T2a;T2b;T3;T3 Inv;T3 Satell;T4;T4 Inv;T4 Ipsi Nod;TX
2	Clinical TNM status (8th edition)	rbcsn8	select-one	0		-;0;1;2;3;X	-;N0;N1;N2;N3;NX
3	Clinical TNM status (8th edition)	rbcsm8	select-one	0		-;0;1ap;1ac;1b;1c;X	-;M0;M1a Pl Dissem;M1a Contr Nod;M1b Single;M1c Multi;MX
4	Clinical TNM status (8th edition)	rbcsx8	checkbox	0		y	Not applicable (specify)
5	Clinical TNM status (8th edition)	rbcsx8s	text	0			Specify
6	Clinical staging based on	rbcsb	radio	0		c;p;b;o	only CT;only PET;both;other (specify)
7	Clinical staging based on	rbcsbos	text	0			Specify
8	Pulmonary function test	sbfev1	text	0			FEV1 (L/s)
9	Pulmonary function test	sbfvc	text	0			FVC (L)
10	Pulmonary function test	sbffr	text	0			FEV1/FVC %
11	Referring physician	rbmd	text	0			Referring physician
12	Referring physician's phone	rbmdp	text	0			Referring physician's phone
13	Referring physician's fax	rbmdf	text	0			Referring physician's fax
14	Treating physician	rbsumd	text	0			Treating physician
15	Treating physician's phone	rbsumdp	text	0			Treating physician's phone
16	Treating physician's fax	rbsumdf	text	0			Treating physician's fax
17	Lesion site	rbloc	select-one	0		-;lul;lll;rul;rml;rll;e;m;p;o	-;LUL;LLL;RUL;RML;RLL;Endobronchial;Mediastinum;Pleura;Other (specify)
18	Lesion site	rblocs	text	0			Specify
19	Indication for treatment	rbtri	select-one	0		-;f;r;n;o	-;First Lung Cancer;Recurrence;New Primary Lung Cancer;Other (specify)
20	Specify/Comments	rbtric	text	0			Specify/Comments
21	Treatment option	rbto	select-one	0		-;s;r;c;w;o	-;Surgery;Radiation Therapy;Chemotherapy;Watchful Waiting;Other
22	Treatment date	rbsud	text	0			Treatment date
23	Treatment option	rbtos	text	0			Specify
24	Have you had a pulmonary function test?	sbahpft	radio	0		n;y	No;Yes
25	Pulmonary function test	sbcop	text	0			Diffusion capacity (mL/min/mm Hg)
26	Was mediastinoscopy performed?	rbmep	radio	0		n;y	No;Yes
27	Surgical treatment : Procedure date	rbmed	text	0			Procedure date
28	Surgical treatment : Specimen ID	rbmspid	text	0			Specimen ID
29	Surgical treatment : Location of procedure	rbmel	text	0			Location of procedure
30	Surgical treatment : Physician	rbmemd	text	0			Physician
31	Surgical treatment : Physician's phone	rbmemdp	text	0			Physician's phone
32	Surgical treatment: Physician's fax	rbmemdf	text	0			Physician's fax
33	Was resection performed?	rbrep	radio	1		n;y;r;a;q	No;Yes;Refused;Aborted due to positive mediastinoscopy or other reasons;?
34	"Resection : If no or refused, give date"	rbsurd	text	1			"If no or refused, give date"
35	"Resection : If no or refused, give reason"	rbsurr	text	0			"If no or refused, give reason"
36	Resection : Location of procedure	rbsul	text	0			Location of procedure
37	Resection : Type of surgery	rbtosv	checkbox	0		v	VAT
38	Resection : Type of surgery	rbtost	checkbox	0		t	Thoracotomy
39	Resection : Type of surgery	rbtosr	checkbox	0		r	Robotic-assisted
40	Resection : Type of surgery	rbtoso	checkbox	0		o	Other
41	Resection : Type of surgery	rbtosos	text	0			Other (specify)
42	Resection : Conversion of VATS to open : Extent of surgery	rbexs	select-one	0		-;w;s;l;b;p;o	-;Wedge resection;Segmentectomy;Lobectomy;Bilobectomy;Pneumonectomy;Other (specify)
43	Resection : Conversion of VATS to open : Extent (specify)	rbexss	text	0			Extent (specify)
44	Resection : Was there a conversion of VATS to open?	rbvto	radio	1		n;y	No;Yes
45	Comments	rbvtoc	text	0			Comments
46	Resection : Distance to the resection margin (mm):	rbsrm	text	0			Distance to the resection margin (mm):
47	Resection : Method of margin measurement:	rbrmm	radio	1		g;m	Gross;Micro
48	Resection : Which margin?	rbwm	radio	1		s;b;p;v;o	Staple Line;Bronchial;Parenchymal;Vascular;Other
49	Resection : Margin comments	rbwmc	text	0			Margin comments
50	Resection : Margin measured with staples:	rbrmws	radio	1		r;i;u	Removed;Intact;Unknown
51	"Resection : If initial margin positive, was additional margin sent?"	rbrmam	radio	1		n;y;q	No;Yes;N/A
52	Additional specimens sent?	rbrmas	text	0			Additional specimens sent?
53	Specimen ID	rbspid	text	0			Specimen ID
54	Additional surgery for same lesion?	rbras	radio	1		n;y	No;Yes
55	Additional surgery for same lesion : Date	rbrasdt	text	0			Date
56	Additional surgery for same lesion : Comments	rbrasc	textarea	0			Comments
57	Complications during surgery?	rbrcs	radio	1		n;y	No;Yes
58	Complications during surgery : Comments	rbrcsc	textarea	0			Comments
59	Complications during hospital stay?	rbrch	radio	1		n;y	No;Yes
60	Complications during hospital stay : Comments	rbrchc	textarea	0			Comments
61	Date of chest tube removal	rbctrd	text	0			Date of chest tube removal
62	60-day vital status	rb60dvs	textarea	0			60-day vital status
63	Pathology tumor size (mm)	rbtsl	text	0			Length
64	Pathology tumor size (mm)	rbtsw	text	0			Width
65	Pathology tumor size (mm)	rbtsh	text	0			Height
66	Pathology tumor size :	rbtsn	checkbox	0		y	Not applicable (specify)
67	Pathology tumor size : Specify	rbtsns	text	0			Specify
68	Invasion of other structures	rbinv	radio	1		n;y	No;Yes
69	Tumor : Location	rbinvv	checkbox	0		v	Major vascular
70	Tumor : Location	rbinp	checkbox	0		p	Pleura
71	Tumor : Location	rbina	checkbox	0		a	Angiolymphatic
72	Tumor : Location	rbino	checkbox	0		o	Other (specify)
73	Tumor : Location	rbinvls	text	0			Specify
74	T2 Cen:Main bronchus (not carina)	rbinvt2b	checkbox	0		b	Main bronchus (not carina)
75	T2 Cen:Atelectasis to hilum	rbinvt2a	checkbox	0		a	Atelectasis to hilum
76	T3 Inv:Chest wall	rbinvc	checkbox	0		c	Chest wall
77	T3 Inv: Pericardium	rbinvt3p	checkbox	0		p	Pericardium
78	T3 Inv:Phrenic nerve	rbinvt3n	checkbox	0		p	Phrenic nerve
79	T4 Inv:Mediastinum	rbinvm	checkbox	0		m	Mediastinum
80	T4 Inv:Diaphragm	rbinvt4d	checkbox	0		d	Diaphragm
81	T4 Inv:Heart	rbinvt4h	checkbox	0		h	Heart
82	T4 Inv:Great vessels	rbinvt4g	checkbox	0		g	Great vessels
83	T4 Inv:Recurrent laryngeal nerve	rbinvt4r	checkbox	0		r	Recurrent laryngeal nerve
84	T4 Inv:Carina	rbinvt4c	checkbox	0		c	Carina
85	T4 Inv:Trachea	rbinvt4t	checkbox	0		t	Trachea
86	T4 Inv:Esophagus	rbinvt4e	checkbox	0		e	Esophagus
87	T4 Inv:Spine	rbinvt4s	checkbox	0		s	Spine
88	Adenocarcinoma Histology (Predominant)	rbadhs	select-one	0		-;nos;snm;sm;sinm;mnm;mm;mmnm;mim;ilp;iap;ipp;imp;isp;imdp;ipcd;im;m;fa;ea;ca;srf;ccf;nf	"—;Adenocarcinoma NOS;Adenocarcinoma in situ, nonmucinous;Adenocarcinoma in situ, mucinous;Adenocarcinoma in situ, indeterminate mucinous/nonmucinous;Minimally invasive adenocarcinoma, nonmucinous;Minimally invasive adenocarcinoma, mucinous;Minimally invasive adenocarcinoma, Mixed nonmucinous and mucinous;Minimally invasive adenocarcinoma, indeterminate mucinous/nonmucinous;Invasive adenocarcinoma, Lepidic predominant adenocarcinoma;Invasive adenocarcinoma, Acinar predominant adenocarcinoma;Invasive adenocarcinoma, Papillary predominant adenocarcinoma;Invasive adenocarcinoma, Micropapillary predominant adenocarcinoma;Invasive adenocarcinoma, Solid predominant adenocarcinoma;Invasive adenocarcinoma, multiple predominant patterns;Invasive adenocarcinoma, Predominant subtype cannot be determined;Invasive mucinous adenocarcinoma;Mixed invasive mucinous and nonmucinous adenocarcinoma;Fetal adenocarcinoma;Enteric adenocarcinoma;Colloid adenocarcinoma;Signet ring features;Clear cell features;NSLC, favor adenocarcinoma"
89	Adenocarcinoma Histology : Predominant features : solid	pamds	checkbox	0		s	solid
90	Adenocarcinoma Histology : Predominant features : acinar	pamda	checkbox	0		a	acinar
91	Adenocarcinoma Histology : Predominant features : papillary	pamdp	checkbox	0		p	papillary
92	Adenocarcinoma Histology : Predominant features : micropapillary	pamdmp	checkbox	0		m	micropapillary
93	Adenocarcinoma Histology : Predominant features : Lepidic /bronchioloalveolar	pamdb	checkbox	0		b	Lepidic /bronchioloalveolar
94	Adenocarcinoma Histology : Predominant features : other (specify)	pamdo	checkbox	0		o	other (specify)
95	Adenocarcinoma Histology : Predominant features : (Specify)	pamdos	text	0			
96	Adenocarcinoma Histology : Predominant features : solid (%)	pamdsp	text	0			
97	Adenocarcinoma Histology : Predominant features : acinar (%)	pamdap	text	0			
98	Adenocarcinoma Histology : Predominant features : papillary (%)	pamdpp	text	0			
99	Adenocarcinoma Histology : Predominant features : micropapillary (%)	pamdmpp	text	0			
100	Adenocarcinoma Histology : Predominant features : Lepidic /bronchioloalveolar (%)	pamdbp	text	0			
101	Adenocarcinoma Histology : Predominant features : other (%)	pamdop	text	0			
102	Adenocarcinoma Histology : Secondary / Other features : solid	pamas	checkbox	0		s	solid
103	Adenocarcinoma Histology : Secondary / Other features : acinar	pamaa	checkbox	0		a	acinar
104	Adenocarcinoma Histology : Secondary / Other features : papillary	pamap	checkbox	0		p	papillary
105	Adenocarcinoma Histology : Secondary / Other features : micropapillary	pamamp	checkbox	0		m	micropapillary
106	Adenocarcinoma Histology : Secondary / Other features : Lepidic /bronchioloalveolar	pamab	checkbox	0		b	Lepidic /bronchioloalveolar
107	Adenocarcinoma Histology : Secondary / Other features : other (specify)	pamao	checkbox	0		o	other (specify)
108	Adenocarcinoma Histology : Secondary / Other features : (Specify)	pamaos	text	0			
109	Adenocarcinoma Histology : Secondary / Other features : solid (%)	pamasp	text	0			
110	Adenocarcinoma Histology : Secondary / Other features : acinar (%)	pamaap	text	0			
111	Adenocarcinoma Histology : Secondary / Other features : papillary (%)	pamapp	text	0			
112	Adenocarcinoma Histology : Secondary / Other features : micropapillary (%)	pamampp	text	0			
113	Adenocarcinoma Histology : Secondary / Other features : Lepidic /bronchioloalveolar (%)	pamabp	text	0			
114	Adenocarcinoma Histology : Secondary / Other features : other (%)	pamaop	text	0			
115	Node : N1 Resected	rbn1r	radio	0		n;y	No;Yes
116	Node : N2R Resected	rbn2rr	radio	0		n;y	No;Yes
117	Node : N2L Resected	rbn2lr	radio	0		n;y	No;Yes
118	Node : N3 Resected	rbn3r	radio	0		n;y	No;Yes
119	Node : N4R Resected	rbn4rr	radio	0		n;y	No;Yes
120	Node : N4L Resected	rbn4lr	radio	0		n;y	No;Yes
121	Node : N5 Resected	rbn5r	radio	0		n;y	No;Yes
122	Node : N6 Resected	rbn6r	radio	0		n;y	No;Yes
123	Node : N7 Resected	rbn7r	radio	0		n;y	No;Yes
124	Node : N8 Resected	rbn8r	radio	0		n;y	No;Yes
125	Node : N9 Resected	rbn9r	radio	0		n;y	No;Yes
126	Node : N1 Number resected	rbn1t	text	0			
127	Node : N2R Number resected	rbn2rt	text	0			
128	Node : N2L Number resected	rbn2lt	text	0			
129	Node : N3 Number resected	rbn3t	text	0			
130	Node : N4R Number resected	rbn4rt	text	0			
131	Node : N4L Number resected	rbn4lt	text	0			
132	Node : N5 Number resected	rbn5t	text	0			
133	Node : N6 Number resected	rbn6t	text	0			
134	Node : N7 Number resected	rbn7t	text	0			
135	Node : N8 Number resected	rbn8t	text	0			
136	Node : N9 Number resected	rbn9t	text	0			
137	Node : N1 Number positive	rbn1p	text	0			
138	Node : N2R Number positive	rbn2rp	text	0			
139	Node : N2L Number positive	rbn2lp	text	0			
140	Node : N3 Number positive	rbn3p	text	0			
141	Node : N4R Number positive	rbn4rp	text	0			
142	Node : N4L Number positive	rbn4lp	text	0			
143	Node : N5 Number positive	rbn5p	text	0			
144	Node : N6 Number positive	rbn6p	text	0			
145	Node : N7 Number positive	rbn7p	text	0			
146	Node : N8 Number positive	rbn8p	text	0			
147	Node : N9 Number positive	rbn9p	text	0			
148	Node : N10R Resected	rbn10rr	radio	0		n;y	No;Yes
149	Node : N10L Resected	rbn10lr	radio	0		n;y	No;Yes
150	Node : N11R Resected	rbn11rr	radio	0		n;y	No;Yes
151	Node : N11L Resected	rbn11lr	radio	0		n;y	No;Yes
152	Node : N12R Resected	rbn12rr	radio	0		n;y	No;Yes
153	Node : N12L Resected	rbn12lr	radio	0		n;y	No;Yes
154	Node : N13R Resected	rbn13rr	radio	0		n;y	No;Yes
155	Node : N13L Resected	rbn13lr	radio	0		n;y	No;Yes
156	Node : N14R Resected	rbn14rr	radio	0		n;y	No;Yes
157	Node : N14L Resected	rbn14lr	radio	0		n;y	No;Yes
158	Node : Peribronchial lymph Nodes Resected	rbnpb	radio	0		n;y	No;Yes
159	Node : Location unspecified Resected	rbnun	radio	0		n;y	No;Yes
160	Node : N10R Number resected	rbn10rt	text	0			
161	Node : N10L Number resected	rbn10lt	text	0			
162	Node : N11R Number resected	rbn11rt	text	0			
163	Node : N11L Number resected	rbn11lt	text	0			
164	Node : N12R Number resected	rbn12rt	text	0			
165	Node : N12L Number resected	rbn12lt	text	0			
166	Node : N13R Number resected	rbn13rt	text	0			
167	Node : N13L Number resected	rbn13lt	text	0			
168	Node : N14R Number resected	rbn14rt	text	0			
169	Node : N14L Number resected	rbn14lt	text	0			
170	Node : Peribronchial lymph Nodes Number resected	rbnpbt	text	0			
171	Node : Location unspecified Number resected	rbnunt	text	0			
172	Node : N10R Number positive	rbn10rp	text	0			
173	Node : N10L Number positive	rbn10lp	text	0			
174	Node : N11R Number positive	rbn11rp	text	0			
175	Node : N11L Number positive	rbn11lp	text	0			
176	Node : N12R Number positive	rbn12rp	text	0			
177	Node : N12L Number positive	rbn12lp	text	0			
178	Node : N13R Number positive	rbn13rp	text	0			
179	Node : N13L Number positive	rbn13lp	text	0			
180	Node : N14R Number positive	rbn14rp	text	0			
181	Node : N14L Number positive	rbn14lp	text	0			
182	Node : Peribronchial lymph Nodes Number positive	rbnpbp	text	0			
183	Node : Location unspecified Number positive	rbnunp	text	0			
184	Node : Specify location	rbnuns	text	0			
185	Additional lesions	rbal	radio	0		n;y	No;Yes
186	Additional lesions : Number	rbaln	text	0			Number
187	Lesion 1 : Location	rbal1lo	select-one	0		-;lul;lll;rul;rml;rll	-;LUL;LLL;RUL;RML;RLL
188	Lesion 1 : Length (mm)	rbal1l	text	0			
189	Lesion 1 : Width (mm)	rbal1w	text	0			
190	Lesion 1 : Height (mm)	rbal1h	text	0			
191	Lesion 1 : Pathologic diagnosis	rbal1pd	select-one	0		-;aa;ap;ba;ns;ad;as;la;sq;sm;ct;ca;be;bs;mf;os	-;AAH;Atyp bronch prolif;BAC;Unspec. non-small cell;Adenocarcinoma;Adenosquamous;Large cell;Squamous cell;Small cell;Carcinoid - typical;Carcinoid - atypical;Not malignant;Benign specific;Multifocal (specify);Other (specify)
192	Lesion 1 : Specify	rbal1ps	text	0			
193	Lesion 1 : Seen on CT	rbal1	radio	0		n;y;q	No;Yes;?
194	Lesion 2 : Location	rbal2lo	select-one	0		-;lul;lll;rul;rml;rll	-;LUL;LLL;RUL;RML;RLL
195	Lesion 2 : Length (mm)	rbal2l	text	0			
196	Lesion 2 : Width (mm)	rbal2w	text	0			
197	Lesion 2 : Height (mm)	rbal2h	text	0			
198	Lesion 2 : Pathologic diagnosis	rbal2pd	select-one	0		-;aa;ap;ba;ns;ad;as;la;sq;sm;ct;ca;be;bs;mf;os	-;AAH;Atyp bronch prolif;BAC;Unspec. non-small cell;Adenocarcinoma;Adenosquamous;Large cell;Squamous cell;Small cell;Carcinoid - typical;Carcinoid - atypical;Not malignant;Benign specific;Multifocal (specify);Other (specify)
199	Lesion 2 : Specify	rbal2ps	text	0			
200	Lesion 2 : Seen on CT	rbal2	radio	0		n;y;q	No;Yes;?
201	Lesion 3 : Location	rbal3lo	select-one	0		-;lul;lll;rul;rml;rll	-;LUL;LLL;RUL;RML;RLL
202	Lesion 3 : Length (mm)	rbal3l	text	0			
203	Lesion 3 : Width (mm)	rbal3w	text	0			
204	Lesion 3 : Height (mm)	rbal3h	text	0			
205	Lesion 3 : Pathologic diagnosis	rbal3pd	select-one	0		-;aa;ap;ba;ns;ad;as;la;sq;sm;ct;ca;be;bs;mf;os	-;AAH;Atyp bronch prolif;BAC;Unspec. non-small cell;Adenocarcinoma;Adenosquamous;Large cell;Squamous cell;Small cell;Carcinoid - typical;Carcinoid - atypical;Not malignant;Benign specific;Multifocal (specify);Other (specify)
206	Lesion 3 : Specify	rbal3ps	text	0			
207	Lesion 3 : Seen on CT	rbal3	radio	0		n;y;q	No;Yes;?
208	Lesion 4 : Location	rbal4lo	select-one	0		-;lul;lll;rul;rml;rll	-;LUL;LLL;RUL;RML;RLL
209	Lesion 4 : Length (mm)	rbal4l	text	0			
210	Lesion 4 : Width (mm)	rbal4w	text	0			
211	Lesion 4 : Height (mm)	rbal4h	text	0			
212	Lesion 4 : Pathologic diagnosis	rbal4pd	select-one	0		-;aa;ap;ba;ns;ad;as;la;sq;sm;ct;ca;be;bs;mf;os	-;AAH;Atyp bronch prolif;BAC;Unspec. non-small cell;Adenocarcinoma;Adenosquamous;Large cell;Squamous cell;Small cell;Carcinoid - typical;Carcinoid - atypical;Not malignant;Benign specific;Multifocal (specify);Other (specify)
213	Lesion 4 : Specify	rbal4ps	text	0			
214	Lesion 4 : Seen on CT	rbal4	radio	0		n;y;q	No;Yes;?
215	T3 Satell	rbalt3	checkbox	0		y	Yes
216	T4 Ipsi Nod	rbalt4	checkbox	0		y	Yes
217	Evidence of metastasis	rbem	radio	0		n;y	No;Yes
218	Evidence of metastasis : Specify	rbems	text	0			Specify
219	M staging (8th edition)	rbmst	select-one	0		-;M0;M1ap;M1an;M1b;M1c;X	-;M0;M1a Pl Dissem;M1a Contr Nod;M1b Single;M1c Multi;MX
220	Post-surgical TNM status (8th Edition)	rbpst8	select-one	0		-;0;is;1am;1as;1a1;1b;1c;2v;2c;2a;2b;3;3i;3s;4;4i;4n;x	-;T0;Tis;T1a mi;T1a SS;T1a;T1b;T1c;T2 Visc Pl;T2 Centr;T2a;T2b;T3;T3 Inv;T3 Satell;T4;T4 Inv;T4 Ipsi Nod;TX
221	Post-surgical TNM status (8th Edition)	rbpsn8	select-one	0		-;0;1;2;3;X	-;N0;N1;N2;N3;NX
222	Post-surgical TNM status (8th Edition)	rbpsm8	select-one	0		-;0;1ap;1ac;1b;1c;X	-;M0;M1a Pl Dissem;M1a Contr Nod;M1b Single;M1c Multi;MX
223	Post-surgical TNM status (8th Edition)	rbpsx8	checkbox	0		y	not applicable
224	Post-surgical TNM status (8th Edition) : Specify	rbpsxs8	text	0			Specify
225	Other findings / comments	rbofc	textarea	0			Other findings / comments
226	Radiation oncologist name	rtron	text	0			Radiation oncologist name
227	First date of treatment	rtfdot	text	0			First date of treatment
228	Last date of treatment	rtldot	text	0			Last date of treatment
229	Total dose of radiation	rbrttdor	text	0			Total dose of radiation
230	Dose per fraction of radiation	rbrtdpfr	text	0			Dose per fraction of radiation
231	Number of fractions	rbrtnof	text	0			Number of fractions
232	Frequency of radiation	rtfor	radio	0		d;od;w;o	daily;every other day;weekly;other
233	Frequency of radiation : Specify	rtfors	text	0			Specify
234	Lesion site	rtloc	select-one	0		-;lul;lll;rul;rml;rll;e;m;p;o	-;LUL;LLL;RUL;RML;RLL;Endobronchial;Mediastinum;Pleura;Other (specify)
235	Lesion site : Specify	rtlocs	text	0			Specify
236	Size of gross tumor volume	rtsogtv	text	0			Size of gross tumor volume
237	Size of internal target volume	rtsoitv	text	0			Size of internal target volume
238	Size of planning target volume	rtsoptv	text	0			Size of planning target volume
239	Radiation dose delivery	rtrddt	radio	0		crt;imrt;vmat;carc;c;t;p;o	3D-CRT;IMRT;VMAT;conformal arc;cyberknife;tomotherapy;protons based;other (specify)
240	Radiation dose delivery : Specify	rtrddto	text	0			
241	Tumor motion control	rttmct	radio	0		n;s;r;b;o	none;4D-simulation and ITV;gated radiation;breath hold;other (specify)
242	Tumor motion control : Specify	rttmcto	text	0			
243	SBRT	rtsbrt	radio	0		n;y	No;Yes
244	Patient positioning	rtpp	radio	0		a;s;o	alphacradle;stereotactic body frame;other (specify)
245	Patient positioning : Specify	rtppo	text	0			
246	Treatment verification	rttv	radio	0		i;c;o	kv images;cone beam CT;other (specify)
247	Treatment verification : Specify	rttvo	text	0			
248	V20 of ipsilateral lung (percentage)	rtilp	text	0			
249	V20 of total lung (percentage)	rttlp	text	0			
250	V30 of chest wall (cc)	rtcw	text	0			
251	Maximum Esophageal Dose	rtmed	text	0			
252	Maximum Distal Bronchus Dose	rtmdbd	text	0			
253	Maximum Mainstem Bronchus Dose	rtmmbd	text	0			
254	D95 of PTV (in Gray)	rtptv	text	0			
255	Brachial plexus max [32 Gy]	rtbpm	text	0			
256	Heart/pericardium receiving 32Gy [15cc]	rthpr	text	0			
257	Max skin dose &lt; 32Gy	rtmsd	text	0			
258	Ration of Rx isodose vol to PTV &lt; 1.5	rtrorx	text	0			
259	V100 %	rtv100	text	0			
260	Dmax %	rtdmax	text	0			
261	D2cm max%	rtd2cm	text	0			
262	V30 to rib	rtribv30	text	0			
263	Highest dose to rib	rtribmax	text	0			
264	Was the entire dose delivered to the participant?	rtedd	radio	0		n;y	No;Yes
265	Specify	rtedds	text	0			
266	Were there any unplanned interruptions or incomplete fractions?	rtcui	radio	0		n;y	No;Yes
267	Specify	rtcuis	text	0			Specify
268	Side effects	rtse	radio	0		n;mi;ma	none;minimal;marked
269	Comments	rtsec	text	0			Comments
270	Fatigue	rtsef	checkbox	0		f	Fatigue
271	Side effects : Tightness in chest	rtsetc	checkbox	0		tc	Tightness in chest
272	Side effects :Chest wall pain	rtsecwp	checkbox	0		cwp	Chest wall pain
273	Side effects :Cough	rtsecgh	checkbox	0		c	Cough
274	Side effects :Shortness of breath	rtsesob	checkbox	0		sob	Shortness of breath
275	Side effects :Dyspnea	rtsed	checkbox	0		d	Dyspnea
276	Side effects :Decreased appetite/weight loss	rtsedawl	checkbox	0		dawl	Decreased appetite/weight loss
277	Side effects :Nausea/vomiting	rtsenv	checkbox	0		nv	Nausea/vomiting
278	Side effects :Diarrhea	rtseda	checkbox	0		da	Diarrhea
279	Side effects :Other	rtseo	checkbox	0		o	Other
280	Side effects :Specify	rtseos	text	0			Specify
281	Treating physician name	chmd	text	0			Treating physician name
282	First date of treatment	chfdot	text	0			First date of treatment
283	Last date of treatment	chldot	text	0			Last date of treatment
284	Frequency of chemotherapy	chf	radio	0		d;od;w;o	daily;every other day;weekly;other
285	Specify	chfs	text	0			Specify
286	Lesion Site	rbrtchls	select-one	0		-;lul;lll;rul;rml;rll;e;m;p;o	-;LUL;LLL;RUL;RML;RLL;Endobronchial;Mediastinum;Pleura;Other (specify)
287	Specify	rbrtchlo	text	0			Specify
288	Describe treatment	rbchdt	text	0			Describe treatment
289	Subsequent treatments	rbchst	text	0			Subsequent treatments
290	Drugs used	rbchdr	text	0			Drugs used
291	Number of rounds	rbchnt	text	0			Number of rounds
292	Was the entire dose delivered to the participant?	chedd	radio	0		n;y	No;Yes
293	Specify	chedds	text	0			Specify
294	Were there complications associated with treatment?	chc	radio	0		n;y	No;Yes
295	Specify	chcs	text	0			Specify
296	Side effects	chse	radio	0		n;mi;ma	none;minimal;marked
297	Comments	chsec	text	0			Comments
298	Treatment side effects : Fatigue	chsef	checkbox	0		f	Fatigue
299	Treatment side effects : Tightness in chest	chsetc	checkbox	0		tc	Tightness in chest
300	Treatment side effects : Chest wall pain	chsecwp	checkbox	0		cwp	Chest wall pain
301	Treatment side effects : Cough	chsecgh	checkbox	0		c	Cough
302	Treatment side effects : Shortness of breath	chsesob	checkbox	0		sob	Shortness of breath
303	Treatment side effects : Dyspnea	chsed	checkbox	0		d	Dyspnea
304	Treatment side effects : Decreased appetite	chsedawl	checkbox	0		dawl	Decreased appetite/weight loss
305	Treatment side effects : Nausea/vomiting	chsenv	checkbox	0		nv	Nausea/vomiting
306	Treatment side effects : Diarrhea	chseda	checkbox	0		da	Diarrhea
307	Treatment side effects : Other	chseo	checkbox	0		o	Other
308	Treatment side effects : Specify	chseos	text	0			Specify
309	Baseline CT date	sidoe	text	1			Baseline CT
310	CT study date	cedos	text	1			Most recent CT
311	Total number of non-calcified nodules	cenncn	text	0			Total number of non-calcified nodules
312	Is it a new nodule? Nodule 1	cect1ch	select-one	0		-;n;pn;pd;pe;pi;pj;po;pw;px;pr;rn;rd;ri;rj;pk;pv	"-;Newly seen;Prev seen, no change;Prev seen, slight decr;Prev seen, marked decr;Prev seen, slight incr;Prev seen, marked incr;Prev seen, obscured;Prev seen, resolved;Prev seen, not a nodule;Prev seen, resected;Retrospect, no chg;Retrospect, decrease;Retrospect, slight incr;Retrospect, marked incr;Not in outside report;Not included in scan"
313	Is it a new nodule? Nodule 2	cect2ch	select-one	0		-;n;pn;pd;pe;pi;pj;po;pw;px;pr;rn;rd;ri;rj;pk;pv	"-;Newly seen;Prev seen, no change;Prev seen, slight decr;Prev seen, marked decr;Prev seen, slight incr;Prev seen, marked incr;Prev seen, obscured;Prev seen, resolved;Prev seen, not a nodule;Prev seen, resected;Retrospect, no chg;Retrospect, decrease;Retrospect, slight incr;Retrospect, marked incr;Not in outside report;Not included in scan"
314	Is it a new nodule? Nodule 3	cect3ch	select-one	0		-;n;pn;pd;pe;pi;pj;po;pw;px;pr;rn;rd;ri;rj;pk;pv	"-;Newly seen;Prev seen, no change;Prev seen, slight decr;Prev seen, marked decr;Prev seen, slight incr;Prev seen, marked incr;Prev seen, obscured;Prev seen, resolved;Prev seen, not a nodule;Prev seen, resected;Retrospect, no chg;Retrospect, decrease;Retrospect, slight incr;Retrospect, marked incr;Not in outside report;Not included in scan"
315	Is it a new nodule? Nodule 4	cect4ch	select-one	0		-;n;pn;pd;pe;pi;pj;po;pw;px;pr;rn;rd;ri;rj;pk;pv	"-;Newly seen;Prev seen, no change;Prev seen, slight decr;Prev seen, marked decr;Prev seen, slight incr;Prev seen, marked incr;Prev seen, obscured;Prev seen, resolved;Prev seen, not a nodule;Prev seen, resected;Retrospect, no chg;Retrospect, decrease;Retrospect, slight incr;Retrospect, marked incr;Not in outside report;Not included in scan"
316	Is it a new nodule? Nodule 5	cect5ch	select-one	0		-;n;pn;pd;pe;pi;pj;po;pw;px;pr;rn;rd;ri;rj;pk;pv	"-;Newly seen;Prev seen, no change;Prev seen, slight decr;Prev seen, marked decr;Prev seen, slight incr;Prev seen, marked incr;Prev seen, obscured;Prev seen, resolved;Prev seen, not a nodule;Prev seen, resected;Retrospect, no chg;Retrospect, decrease;Retrospect, slight incr;Retrospect, marked incr;Not in outside report;Not included in scan"
317	Is it a new nodule? Nodule 6	cect6ch	select-one	0		-;n;pn;pd;pe;pi;pj;po;pw;px;pr;rn;rd;ri;rj;pk;pv	"-;Newly seen;Prev seen, no change;Prev seen, slight decr;Prev seen, marked decr;Prev seen, slight incr;Prev seen, marked incr;Prev seen, obscured;Prev seen, resolved;Prev seen, not a nodule;Prev seen, resected;Retrospect, no chg;Retrospect, decrease;Retrospect, slight incr;Retrospect, marked incr;Not in outside report;Not included in scan"
318	Is it a new nodule? Nodule 7	cect7ch	select-one	0		-;n;pn;pd;pe;pi;pj;po;pw;px;pr;rn;rd;ri;rj;pk;pv	"-;Newly seen;Prev seen, no change;Prev seen, slight decr;Prev seen, marked decr;Prev seen, slight incr;Prev seen, marked incr;Prev seen, obscured;Prev seen, resolved;Prev seen, not a nodule;Prev seen, resected;Retrospect, no chg;Retrospect, decrease;Retrospect, slight incr;Retrospect, marked incr;Not in outside report;Not included in scan"
319	Is it a new nodule? Nodule 8	cect8ch	select-one	0		-;n;pn;pd;pe;pi;pj;po;pw;px;pr;rn;rd;ri;rj;pk;pv	"-;Newly seen;Prev seen, no change;Prev seen, slight decr;Prev seen, marked decr;Prev seen, slight incr;Prev seen, marked incr;Prev seen, obscured;Prev seen, resolved;Prev seen, not a nodule;Prev seen, resected;Retrospect, no chg;Retrospect, decrease;Retrospect, slight incr;Retrospect, marked incr;Not in outside report;Not included in scan"
320	Is it a new nodule? Nodule 9	cect9ch	select-one	0		-;n;pn;pd;pe;pi;pj;po;pw;px;pr;rn;rd;ri;rj;pk;pv	"-;Newly seen;Prev seen, no change;Prev seen, slight decr;Prev seen, marked decr;Prev seen, slight incr;Prev seen, marked incr;Prev seen, obscured;Prev seen, resolved;Prev seen, not a nodule;Prev seen, resected;Retrospect, no chg;Retrospect, decrease;Retrospect, slight incr;Retrospect, marked incr;Not in outside report;Not included in scan"
321	Is it a new nodule? Nodule 10	cect10ch	select-one	0		-;n;pn;pd;pe;pi;pj;po;pw;px;pr;rn;rd;ri;rj;pk;pv	"-;Newly seen;Prev seen, no change;Prev seen, slight decr;Prev seen, marked decr;Prev seen, slight incr;Prev seen, marked incr;Prev seen, obscured;Prev seen, resolved;Prev seen, not a nodule;Prev seen, resected;Retrospect, no chg;Retrospect, decrease;Retrospect, slight incr;Retrospect, marked incr;Not in outside report;Not included in scan"
322	Endobronchial? Nodule 1	cect1en	select-one	0		-;no;tr;rm;lm;bi;rul;rml;rll;lul;lll	-;No;Trachea;Rt. Main;Lt. Main;BI;RUL;RML;RLL;LUL;LLL
323	Endobronchial? Nodule 2	cect2en	select-one	0		-;no;tr;rm;lm;bi;rul;rml;rll;lul;lll	-;No;Trachea;Rt. Main;Lt. Main;BI;RUL;RML;RLL;LUL;LLL
324	Endobronchial? Nodule 3	cect3en	select-one	0		-;no;tr;rm;lm;bi;rul;rml;rll;lul;lll	-;No;Trachea;Rt. Main;Lt. Main;BI;RUL;RML;RLL;LUL;LLL
325	Endobronchial? Nodule 4	cect4en	select-one	0		-;no;tr;rm;lm;bi;rul;rml;rll;lul;lll	-;No;Trachea;Rt. Main;Lt. Main;BI;RUL;RML;RLL;LUL;LLL
326	Endobronchial? Nodule 5	cect5en	select-one	0		-;no;tr;rm;lm;bi;rul;rml;rll;lul;lll	-;No;Trachea;Rt. Main;Lt. Main;BI;RUL;RML;RLL;LUL;LLL
327	Endobronchial? Nodule 6	cect6en	select-one	0		-;no;tr;rm;lm;bi;rul;rml;rll;lul;lll	-;No;Trachea;Rt. Main;Lt. Main;BI;RUL;RML;RLL;LUL;LLL
328	Endobronchial? Nodule 7	cect7en	select-one	0		-;no;tr;rm;lm;bi;rul;rml;rll;lul;lll	-;No;Trachea;Rt. Main;Lt. Main;BI;RUL;RML;RLL;LUL;LLL
329	Endobronchial? Nodule 8	cect8en	select-one	0		-;no;tr;rm;lm;bi;rul;rml;rll;lul;lll	-;No;Trachea;Rt. Main;Lt. Main;BI;RUL;RML;RLL;LUL;LLL
330	Endobronchial? Nodule 9	cect9en	select-one	0		-;no;tr;rm;lm;bi;rul;rml;rll;lul;lll	-;No;Trachea;Rt. Main;Lt. Main;BI;RUL;RML;RLL;LUL;LLL
331	Endobronchial? Nodule 10	cect10en	select-one	0		-;no;tr;rm;lm;bi;rul;rml;rll;lul;lll	-;No;Trachea;Rt. Main;Lt. Main;BI;RUL;RML;RLL;LUL;LLL
332	Most likely location? Nodule 1	cect1ll	select-one	0		-;end;lul;lll;rul;rml;rll	-;Endobr;LUL;LLL;RUL;RML;RLL
333	Most likely location? Nodule 2	cect2ll	select-one	0		-;end;lul;lll;rul;rml;rll	-;Endobr;LUL;LLL;RUL;RML;RLL
334	Most likely location? Nodule 3	cect3ll	select-one	0		-;end;lul;lll;rul;rml;rll	-;Endobr;LUL;LLL;RUL;RML;RLL
335	Most likely location? Nodule 4	cect4ll	select-one	0		-;end;lul;lll;rul;rml;rll	-;Endobr;LUL;LLL;RUL;RML;RLL
336	Most likely location? Nodule 5	cect5ll	select-one	0		-;end;lul;lll;rul;rml;rll	-;Endobr;LUL;LLL;RUL;RML;RLL
337	Most likely location? Nodule 6	cect6ll	select-one	0		-;end;lul;lll;rul;rml;rll	-;Endobr;LUL;LLL;RUL;RML;RLL
338	Most likely location? Nodule 7	cect7ll	select-one	0		-;end;lul;lll;rul;rml;rll	-;Endobr;LUL;LLL;RUL;RML;RLL
339	Most likely location? Nodule 8	cect8ll	select-one	0		-;end;lul;lll;rul;rml;rll	-;Endobr;LUL;LLL;RUL;RML;RLL
340	Most likely location? Nodule 9	cect9ll	select-one	0		-;end;lul;lll;rul;rml;rll	-;Endobr;LUL;LLL;RUL;RML;RLL
341	Most likely location? Nodule 10	cect10ll	select-one	0		-;end;lul;lll;rul;rml;rll	-;Endobr;LUL;LLL;RUL;RML;RLL
342	CT Series Number Nodule 1	cect1sn	text	1			CT Series Number
343	CT Series Number Nodule 2	cect2sn	text	1			CT Series Number
344	CT Series Number Nodule 3	cect3sn	text	1			CT Series Number
345	CT Series Number Nodule 4	cect4sn	text	1			CT Series Number
346	CT Series Number Nodule 5	cect5sn	text	1			CT Series Number
347	CT Series Number Nodule 6	cect6sn	text	1			CT Series Number
348	CT Series Number Nodule 7	cect7sn	text	1			CT Series Number
349	CT Series Number Nodule 8	cect8sn	text	1			CT Series Number
350	CT Series Number Nodule 9	cect9sn	text	1			CT Series Number
351	CT Series Number Nodule 10	cect10sn	text	1			CT Series Number
352	Nodule seen in images CT number LOW Nodule 1	cect1inl	text	1			CT Image Number (Low)
353	Nodule seen in images CT number HIGH Nodule 1	cect1inh	text	1			CT Image Number (High)
354	Nodule seen in images CT number LOW Nodule 2	cect2inl	text	1			CT Image Number (Low)
355	Nodule seen in images CT number HIGH Nodule 2	cect2inh	text	1			CT Image Number (High)
356	Nodule seen in images CT number LOW Nodule 3	cect3inl	text	1			CT Image Number (Low)
357	Nodule seen in images CT number HIGH Nodule 3	cect3inh	text	1			CT Image Number (High)
358	Nodule seen in images CT number LOW Nodule 4	cect4inl	text	1			CT Image Number (Low)
359	Nodule seen in images CT number HIGH Nodule 4	cect4inh	text	1			CT Image Number (High)
360	Nodule seen in images CT number LOW Nodule 5	cect5inl	text	1			CT Image Number (Low)
361	Nodule seen in images CT number HIGH Nodule 5	cect5inh	text	1			CT Image Number (High)
362	Nodule seen in images CT number LOW Nodule 6	cect6inl	text	1			CT Image Number (Low)
363	Nodule seen in images CT number HIGH Nodule 6	cect6inh	text	1			CT Image Number (High)
364	Nodule seen in images CT number LOW Nodule 7	cect7inl	text	1			CT Image Number (Low)
365	Nodule seen in images CT number HIGH Nodule 7	cect7inh	text	1			CT Image Number (High)
366	Nodule seen in images CT number LOW Nodule 8	cect8inl	text	1			CT Image Number (Low)
367	Nodule seen in images CT number HIGH Nodule 8	cect8inh	text	1			CT Image Number (High)
368	Nodule seen in images CT number LOW Nodule 9	cect9inl	text	1			CT Image Number (Low)
369	Nodule seen in images CT number HIGH Nodule 9	cect9inh	text	1			CT Image Number (High)
370	Nodule seen in images CT number LOW Nodule 10	cect10inl	text	1			CT Image Number (Low)
371	Nodule seen in images CT number HIGH Nodule 10	cect10inh	text	1			CT Image Number (High)
372	Nodule status Nodule 1	cect1st	select-one	0		-;un;bc;pc;re;rg;tn;pp;pn;pi;ub;bb;mb;ab;om;mr;br	"-;Unknown;Benign (Ca++);Prob benign, prob Ca++;Resolved;Resolving;No change - 2 yrs;PET - positive;PET - negative;PET - indeterminate;Biopsy - unknown;Biopsy - benign;Biopsy - malignant;Biopsy - atyp bronch prolif;Biopsy - metastatic;Resected - malignant;"
373	Nodule status Nodule 2	cect2st	select-one	0		-;un;bc;pc;re;rg;tn;pp;pn;pi;ub;bb;mb;ab;om;mr;br	"-;Unknown;Benign (Ca++);Prob benign, prob Ca++;Resolved;Resolving;No change - 2 yrs;PET - positive;PET - negative;PET - indeterminate;Biopsy - unknown;Biopsy - benign;Biopsy - malignant;Biopsy - atyp bronch prolif;Biopsy - metastatic;Resected - malignant;"
374	Nodule status Nodule 3	cect3st	select-one	0		-;un;bc;pc;re;rg;tn;pp;pn;pi;ub;bb;mb;ab;om;mr;br	"-;Unknown;Benign (Ca++);Prob benign, prob Ca++;Resolved;Resolving;No change - 2 yrs;PET - positive;PET - negative;PET - indeterminate;Biopsy - unknown;Biopsy - benign;Biopsy - malignant;Biopsy - atyp bronch prolif;Biopsy - metastatic;Resected - malignant;"
375	Nodule status Nodule 4	cect4st	select-one	0		-;un;bc;pc;re;rg;tn;pp;pn;pi;ub;bb;mb;ab;om;mr;br	"-;Unknown;Benign (Ca++);Prob benign, prob Ca++;Resolved;Resolving;No change - 2 yrs;PET - positive;PET - negative;PET - indeterminate;Biopsy - unknown;Biopsy - benign;Biopsy - malignant;Biopsy - atyp bronch prolif;Biopsy - metastatic;Resected - malignant;"
376	Nodule status Nodule 5	cect5st	select-one	0		-;un;bc;pc;re;rg;tn;pp;pn;pi;ub;bb;mb;ab;om;mr;br	"-;Unknown;Benign (Ca++);Prob benign, prob Ca++;Resolved;Resolving;No change - 2 yrs;PET - positive;PET - negative;PET - indeterminate;Biopsy - unknown;Biopsy - benign;Biopsy - malignant;Biopsy - atyp bronch prolif;Biopsy - metastatic;Resected - malignant;"
377	Nodule status Nodule 6	cect6st	select-one	0		-;un;bc;pc;re;rg;tn;pp;pn;pi;ub;bb;mb;ab;om;mr;br	"-;Unknown;Benign (Ca++);Prob benign, prob Ca++;Resolved;Resolving;No change - 2 yrs;PET - positive;PET - negative;PET - indeterminate;Biopsy - unknown;Biopsy - benign;Biopsy - malignant;Biopsy - atyp bronch prolif;Biopsy - metastatic;Resected - malignant;"
378	Nodule status Nodule 7	cect7st	select-one	0		-;un;bc;pc;re;rg;tn;pp;pn;pi;ub;bb;mb;ab;om;mr;br	"-;Unknown;Benign (Ca++);Prob benign, prob Ca++;Resolved;Resolving;No change - 2 yrs;PET - positive;PET - negative;PET - indeterminate;Biopsy - unknown;Biopsy - benign;Biopsy - malignant;Biopsy - atyp bronch prolif;Biopsy - metastatic;Resected - malignant;"
379	Nodule status Nodule 8	cect8st	select-one	0		-;un;bc;pc;re;rg;tn;pp;pn;pi;ub;bb;mb;ab;om;mr;br	"-;Unknown;Benign (Ca++);Prob benign, prob Ca++;Resolved;Resolving;No change - 2 yrs;PET - positive;PET - negative;PET - indeterminate;Biopsy - unknown;Biopsy - benign;Biopsy - malignant;Biopsy - atyp bronch prolif;Biopsy - metastatic;Resected - malignant;"
380	Nodule status Nodule 9	cect9st	select-one	0		-;un;bc;pc;re;rg;tn;pp;pn;pi;ub;bb;mb;ab;om;mr;br	"-;Unknown;Benign (Ca++);Prob benign, prob Ca++;Resolved;Resolving;No change - 2 yrs;PET - positive;PET - negative;PET - indeterminate;Biopsy - unknown;Biopsy - benign;Biopsy - malignant;Biopsy - atyp bronch prolif;Biopsy - metastatic;Resected - malignant;"
381	Nodule status Nodule 10	cect10st	select-one	0		-;un;bc;pc;re;rg;tn;pp;pn;pi;ub;bb;mb;ab;om;mr;br	"-;Unknown;Benign (Ca++);Prob benign, prob Ca++;Resolved;Resolving;No change - 2 yrs;PET - positive;PET - negative;PET - indeterminate;Biopsy - unknown;Biopsy - benign;Biopsy - malignant;Biopsy - atyp bronch prolif;Biopsy - metastatic;Resected - malignant;"
382	Nodule consistency Nodule 1	cect1nt	select-one	0		-;s;m;g;o	-;Solid;Part-solid;Nonsolid;Other (see comment)
383	Nodule consistency Nodule 2	cect2nt	select-one	0		-;s;m;g;o	-;Solid;Part-solid;Nonsolid;Other (see comment)
384	Nodule consistency Nodule 3	cect3nt	select-one	0		-;s;m;g;o	-;Solid;Part-solid;Nonsolid;Other (see comment)
385	Nodule consistency Nodule 4	cect4nt	select-one	0		-;s;m;g;o	-;Solid;Part-solid;Nonsolid;Other (see comment)
386	Nodule consistency Nodule 5	cect5nt	select-one	0		-;s;m;g;o	-;Solid;Part-solid;Nonsolid;Other (see comment)
387	Nodule consistency Nodule 6	cect6nt	select-one	0		-;s;m;g;o	-;Solid;Part-solid;Nonsolid;Other (see comment)
388	Nodule consistency Nodule 7	cect7nt	select-one	0		-;s;m;g;o	-;Solid;Part-solid;Nonsolid;Other (see comment)
389	Nodule consistency Nodule 8	cect8nt	select-one	0		-;s;m;g;o	-;Solid;Part-solid;Nonsolid;Other (see comment)
390	Nodule consistency Nodule 9	cect9nt	select-one	0		-;s;m;g;o	-;Solid;Part-solid;Nonsolid;Other (see comment)
391	Nodule consistency Nodule 10	cect10nt	select-one	0		-;s;m;g;o	-;Solid;Part-solid;Nonsolid;Other (see comment)
392	Length (mm) Nodule 1	cect1sl	text	1			Length (mm)
393	Length (mm) Nodule 2	cect2sl	text	1			Length (mm)
394	Length (mm) Nodule 3	cect3sl	text	1			Length (mm)
395	Length (mm) Nodule 4	cect4sl	text	1			Length (mm)
396	Length (mm) Nodule 5	cect5sl	text	1			Length (mm)
397	Length (mm) Nodule 6	cect6sl	text	1			Length (mm)
398	Length (mm) Nodule 7	cect7sl	text	1			Length (mm)
399	Length (mm) Nodule 8	cect8sl	text	1			Length (mm)
400	Length (mm) Nodule 9	cect9sl	text	1			Length (mm)
401	Length (mm) Nodule 10	cect10sl	text	1			Length (mm)
402	Maximum width (mm) Nodule 1	cect1sw	text	1			Maximum Width
403	Maximum width (mm) Nodule 2	cect2sw	text	1			Maximum Width
404	Maximum width (mm) Nodule 3	cect3sw	text	1			Maximum Width
405	Maximum width (mm) Nodule 4	cect4sw	text	1			Maximum Width
406	Maximum width (mm) Nodule 5	cect5sw	text	1			Maximum Width
407	Maximum width (mm) Nodule 6	cect6sw	text	1			Maximum Width
408	Maximum width (mm) Nodule 7	cect7sw	text	1			Maximum Width
409	Maximum width (mm) Nodule 8	cect8sw	text	1			Maximum Width
410	Maximum width (mm) Nodule 9	cect9sw	text	1			Maximum Width
411	Maximum width (mm) Nodule 10	cect10sw	text	1			Maximum Width
412	Height (mm) Nodule 1	cect1sh	text	0			Height
413	Height (mm) Nodule 2	cect2sh	text	0			Height
414	Height (mm) Nodule 3	cect3sh	text	0			Height
415	Height (mm) Nodule 4	cect4sh	text	0			Height
416	Height (mm) Nodule 5	cect5sh	text	0			Height
417	Height (mm) Nodule 6	cect6sh	text	0			Height
418	Height (mm) Nodule 7	cect7sh	text	0			Height
419	Height (mm) Nodule 8	cect8sh	text	0			Height
420	Height (mm) Nodule 9	cect9sh	text	0			Height
421	Height (mm) Nodule 10	cect10sh	text	0			Height
422	Volume (mm 3 ) Nodule 1	cect1sv	text	0			Volume
423	Volume (mm 3 ) Nodule 2	cect2sv	text	0			Volume
424	Volume (mm 3 ) Nodule 3	cect3sv	text	0			Volume
425	Volume (mm 3 ) Nodule 4	cect4sv	text	0			Volume
426	Volume (mm 3 ) Nodule 5	cect5sv	text	0			Volume
427	Volume (mm 3 ) Nodule 6	cect6sv	text	0			Volume
428	Volume (mm 3 ) Nodule 7	cect7sv	text	0			Volume
429	Volume (mm 3 ) Nodule 8	cect8sv	text	0			Volume
430	Volume (mm 3 ) Nodule 9	cect9sv	text	0			Volume
431	Volume (mm 3 ) Nodule 10	cect10sv	text	0			Volume
432	Solid comp. of part-solid. Nodule length. Nodule 1	cect1ssl	text	1			length
433	Solid comp. of part-solid. Nodule width. Nodule 1	cect1ssw	text	1			width
434	Solid comp. of part-solid. Nodule length. Nodule 2	cect2ssl	text	1			length
435	Solid comp. of part-solid. Nodule width. Nodule 2	cect2ssw	text	1			width
436	Solid comp. of part-solid. Nodule length. Nodule 3	cect3ssl	text	1			length
437	Solid comp. of part-solid. Nodule width. Nodule 3	cect3ssw	text	1			width
438	Solid comp. of part-solid. Nodule length. Nodule 4	cect4ssl	text	1			length
439	Solid comp. of part-solid. Nodule width. Nodule 4	cect4ssw	text	1			width
440	Solid comp. of part-solid. Nodule length. Nodule 5	cect5ssl	text	1			length
441	Solid comp. of part-solid. Nodule width. Nodule 5	cect5ssw	text	1			width
442	Solid comp. of part-solid. Nodule length. Nodule 6	cect6ssl	text	1			length
443	Solid comp. of part-solid. Nodule width. Nodule 6	cect6ssw	text	1			width
444	Solid comp. of part-solid. Nodule length. Nodule 7	cect7ssl	text	1			length
445	Solid comp. of part-solid. Nodule width. Nodule 7	cect7ssw	text	1			width
446	Solid comp. of part-solid. Nodule length. Nodule 8	cect8ssl	text	1			length
447	Solid comp. of part-solid. Nodule width. Nodule 8	cect8ssw	text	1			width
448	Solid comp. of part-solid. Nodule length. Nodule 9	cect9ssl	text	1			length
449	Solid comp. of part-solid. Nodule width. Nodule 9	cect9ssw	text	1			width
450	Solid comp. of part-solid. Nodule length. Nodule 10	cect10ssl	text	1			length
451	Solid comp. of part-solid. Nodule width. Nodule 10	cect10ssw	text	1			width
452	Smooth edges Nodule 1	cect1se	checkbox	0		y	Yes
453	Smooth edges Nodule 2	cect2se	checkbox	0		y	Yes
454	Smooth edges Nodule 3	cect3se	checkbox	0		y	Yes
455	Smooth edges Nodule 4	cect4se	checkbox	0		y	Yes
456	Smooth edges Nodule 5	cect5se	checkbox	0		y	Yes
457	Smooth edges Nodule 6	cect6se	checkbox	0		y	Yes
458	Smooth edges Nodule 7	cect7se	checkbox	0		y	Yes
459	Smooth edges Nodule 8	cect8se	checkbox	0		y	Yes
460	Smooth edges Nodule 9	cect9se	checkbox	0		y	Yes
461	Smooth edges Nodule 10	cect10se	checkbox	0		y	Yes
462	Calcifications Nodule 1	cect1ca	checkbox	0		y	Yes
463	Calcifications Nodule 2	cect2ca	checkbox	0		y	Yes
464	Calcifications Nodule 3	cect3ca	checkbox	0		y	Yes
465	Calcifications Nodule 4	cect4ca	checkbox	0		y	Yes
466	Calcifications Nodule 5	cect5ca	checkbox	0		y	Yes
467	Calcifications Nodule 6	cect6ca	checkbox	0		y	Yes
468	Calcifications Nodule 7	cect7ca	checkbox	0		y	Yes
469	Calcifications Nodule 8	cect8ca	checkbox	0		y	Yes
470	Calcifications Nodule 9	cect9ca	checkbox	0		y	Yes
471	Calcifications Nodule 10	cect10ca	checkbox	0		y	Yes
472	Index Nodule	cectin	checkbox	0		1	
473	Spiculated Nodule 1	cect1sp	checkbox	0		y	Yes
474	Spiculated Nodule 2	cect2sp	checkbox	0		y	Yes
475	Spiculated Nodule 3	cect3sp	checkbox	0		y	Yes
476	Spiculated Nodule 4	cect4sp	checkbox	0		y	Yes
477	Spiculated Nodule 5	cect5sp	checkbox	0		y	Yes
478	Spiculated Nodule 6	cect6sp	checkbox	0		y	Yes
479	Spiculated Nodule 7	cect7sp	checkbox	0		y	Yes
480	Spiculated Nodule 8	cect8sp	checkbox	0		y	Yes
481	Spiculated Nodule 9	cect9sp	checkbox	0		y	Yes
482	Spiculated Nodule 10	cect10sp	checkbox	0		y	Yes
483	Distance from the costal pleura (mm)? Nodule 1	cect1pld	text	0			Distance
484	Distance from the costal pleura (mm)? Nodule 2	cect2pld	text	0			Distance
485	Distance from the costal pleura (mm)? Nodule 3	cect3pld	text	0			Distance
486	Distance from the costal pleura (mm)? Nodule 4	cect4pld	text	0			Distance
487	Distance from the costal pleura (mm)? Nodule 5	cect5pld	text	0			Distance
488	Distance from the costal pleura (mm)? Nodule 6	cect6pld	text	0			Distance
489	Distance from the costal pleura (mm)? Nodule 7	cect7pld	text	0			Distance
490	Distance from the costal pleura (mm)? Nodule 8	cect8pld	text	0			Distance
491	Distance from the costal pleura (mm)? Nodule 9	cect9pld	text	0			Distance
492	Distance from the costal pleura (mm)? Nodule 10	cect10pld	text	0			Distance
493	Action to take. Nodule 1	cect1ac	select-one	0		-;s;f;a;e;c;b;p;r	-;Annual repeat CT;Follow-up CT;Abx + follow-up CT;PET;CT w contrast;CT-guided biopsy;Bronchoscopy;Resection
494	Action to take. Nodule 2	cect2ac	select-one	0		-;s;f;a;e;c;b;p;r	-;Annual repeat CT;Follow-up CT;Abx + follow-up CT;PET;CT w contrast;CT-guided biopsy;Bronchoscopy;Resection
495	Action to take. Nodule 3	cect3ac	select-one	0		-;s;f;a;e;c;b;p;r	-;Annual repeat CT;Follow-up CT;Abx + follow-up CT;PET;CT w contrast;CT-guided biopsy;Bronchoscopy;Resection
496	Action to take. Nodule 4	cect4ac	select-one	0		-;s;f;a;e;c;b;p;r	-;Annual repeat CT;Follow-up CT;Abx + follow-up CT;PET;CT w contrast;CT-guided biopsy;Bronchoscopy;Resection
497	Action to take. Nodule 5	cect5ac	select-one	0		-;s;f;a;e;c;b;p;r	-;Annual repeat CT;Follow-up CT;Abx + follow-up CT;PET;CT w contrast;CT-guided biopsy;Bronchoscopy;Resection
498	Action to take. Nodule 6	cect6ac	select-one	0		-;s;f;a;e;c;b;p;r	-;Annual repeat CT;Follow-up CT;Abx + follow-up CT;PET;CT w contrast;CT-guided biopsy;Bronchoscopy;Resection
499	Action to take. Nodule 7	cect7ac	select-one	0		-;s;f;a;e;c;b;p;r	-;Annual repeat CT;Follow-up CT;Abx + follow-up CT;PET;CT w contrast;CT-guided biopsy;Bronchoscopy;Resection
500	Action to take. Nodule 8	cect8ac	select-one	0		-;s;f;a;e;c;b;p;r	-;Annual repeat CT;Follow-up CT;Abx + follow-up CT;PET;CT w contrast;CT-guided biopsy;Bronchoscopy;Resection
501	Action to take. Nodule 9	cect9ac	select-one	0		-;s;f;a;e;c;b;p;r	-;Annual repeat CT;Follow-up CT;Abx + follow-up CT;PET;CT w contrast;CT-guided biopsy;Bronchoscopy;Resection
502	Action to take. Nodule 10	cect10ac	select-one	0		-;s;f;a;e;c;b;p;r	-;Annual repeat CT;Follow-up CT;Abx + follow-up CT;PET;CT w contrast;CT-guided biopsy;Bronchoscopy;Resection
503	Comment on Nodule 1	cect1co	text	0			Comment
504	Comment on Nodule 2	cect2co	text	0			Comment
505	Comment on Nodule 3	cect3co	text	0			Comment
506	Comment on Nodule 4	cect4co	text	0			Comment
507	Comment on Nodule 5	cect5co	text	0			Comment
508	Comment on Nodule 6	cect6co	text	0			Comment
509	Comment on Nodule 7	cect7co	text	0			Comment
510	Comment on Nodule 8	cect8co	text	0			Comment
511	Comment on Nodule 9	cect9co	text	0			Comment
512	Comment on Nodule 10	cect10co	text	0			Comment
513	Pathologic diagnosis. Nodule 1	cect1pd	select-one	0		-;aa;ap;ai;mi;ns;ad;as;la;sq;sm;ct;ca;be;bs;os	-For Pathology Use Only-;AAH;Atyp bronch prolif;AIS;MIA;Unspec. non-small cell;Adenocarcinoma;Adenosquamous;Large cell;Squamous cell;Small cell;Carcinoid - typical;Carcinoid - atypical;Not malignant;Benign specific;Other (specify)
514	Pathologic diagnosis. Nodule 2	cect2pd	select-one	0		-;aa;ap;ai;mi;ns;ad;as;la;sq;sm;ct;ca;be;bs;os	-For Pathology Use Only-;AAH;Atyp bronch prolif;AIS;MIA;Unspec. non-small cell;Adenocarcinoma;Adenosquamous;Large cell;Squamous cell;Small cell;Carcinoid - typical;Carcinoid - atypical;Not malignant;Benign specific;Other (specify)
515	Pathologic diagnosis. Nodule 3	cect3pd	select-one	0		-;aa;ap;ai;mi;ns;ad;as;la;sq;sm;ct;ca;be;bs;os	-For Pathology Use Only-;AAH;Atyp bronch prolif;AIS;MIA;Unspec. non-small cell;Adenocarcinoma;Adenosquamous;Large cell;Squamous cell;Small cell;Carcinoid - typical;Carcinoid - atypical;Not malignant;Benign specific;Other (specify)
516	Pathologic diagnosis. Nodule 4	cect4pd	select-one	0		-;aa;ap;ai;mi;ns;ad;as;la;sq;sm;ct;ca;be;bs;os	-For Pathology Use Only-;AAH;Atyp bronch prolif;AIS;MIA;Unspec. non-small cell;Adenocarcinoma;Adenosquamous;Large cell;Squamous cell;Small cell;Carcinoid - typical;Carcinoid - atypical;Not malignant;Benign specific;Other (specify)
517	Pathologic diagnosis. Nodule 5	cect5pd	select-one	0		-;aa;ap;ai;mi;ns;ad;as;la;sq;sm;ct;ca;be;bs;os	-For Pathology Use Only-;AAH;Atyp bronch prolif;AIS;MIA;Unspec. non-small cell;Adenocarcinoma;Adenosquamous;Large cell;Squamous cell;Small cell;Carcinoid - typical;Carcinoid - atypical;Not malignant;Benign specific;Other (specify)
518	Pathologic diagnosis. Nodule 6	cect6pd	select-one	0		-;aa;ap;ai;mi;ns;ad;as;la;sq;sm;ct;ca;be;bs;os	-For Pathology Use Only-;AAH;Atyp bronch prolif;AIS;MIA;Unspec. non-small cell;Adenocarcinoma;Adenosquamous;Large cell;Squamous cell;Small cell;Carcinoid - typical;Carcinoid - atypical;Not malignant;Benign specific;Other (specify)
519	Pathologic diagnosis. Nodule 7	cect7pd	select-one	0		-;aa;ap;ai;mi;ns;ad;as;la;sq;sm;ct;ca;be;bs;os	-For Pathology Use Only-;AAH;Atyp bronch prolif;AIS;MIA;Unspec. non-small cell;Adenocarcinoma;Adenosquamous;Large cell;Squamous cell;Small cell;Carcinoid - typical;Carcinoid - atypical;Not malignant;Benign specific;Other (specify)
520	Pathologic diagnosis. Nodule 8	cect8pd	select-one	0		-;aa;ap;ai;mi;ns;ad;as;la;sq;sm;ct;ca;be;bs;os	-For Pathology Use Only-;AAH;Atyp bronch prolif;AIS;MIA;Unspec. non-small cell;Adenocarcinoma;Adenosquamous;Large cell;Squamous cell;Small cell;Carcinoid - typical;Carcinoid - atypical;Not malignant;Benign specific;Other (specify)
521	Pathologic diagnosis. Nodule 9	cect9pd	select-one	0		-;aa;ap;ai;mi;ns;ad;as;la;sq;sm;ct;ca;be;bs;os	-For Pathology Use Only-;AAH;Atyp bronch prolif;AIS;MIA;Unspec. non-small cell;Adenocarcinoma;Adenosquamous;Large cell;Squamous cell;Small cell;Carcinoid - typical;Carcinoid - atypical;Not malignant;Benign specific;Other (specify)
522	Pathologic diagnosis. Nodule 10	cect10pd	select-one	0		-;aa;ap;ai;mi;ns;ad;as;la;sq;sm;ct;ca;be;bs;os	-For Pathology Use Only-;AAH;Atyp bronch prolif;AIS;MIA;Unspec. non-small cell;Adenocarcinoma;Adenosquamous;Large cell;Squamous cell;Small cell;Carcinoid - typical;Carcinoid - atypical;Not malignant;Benign specific;Other (specify)
523	Small non-calcified nodules are present	cectancn	checkbox	0		1	Small non-calcified nodules are present
524	Small calcified nodules are present	cectacn	checkbox	0		1	Small calcified nodules are present
525	Surgical pathology details	rbpdt	textarea	0			Surgical pathology details
526	Emphysema	ceem	radio	0		nv;no;mi;mo;se	Not visible;None;Mild;Moderate;Severe
527	Coronary calcifications	ceccv	radio	0		n;m;d;s	None;Mild;Moderate;Severe
528	Coronary calcifications. Left Main	cecclm	select-one	1		;no;mi;mo;ex	-;None;Minimal < â…“;Moderate;Extensive > â…”
529	Coronary calcifications. LAD	ceccld	select-one	1		;no;mi;mo;ex	-;None;Minimal < â…“;Moderate;Extensive > â…”
530	Coronary calcifications. Circumflex	cecccf	select-one	1		;no;mi;mo;ex	-;None;Minimal < â…“;Moderate;Extensive > â…”
531	Coronary calcifications. RCA	ceccrc	select-one	1		;no;mi;mo;ex	-;None;Minimal < â…“;Moderate;Extensive > â…”
532	Pulmonary artery width (mm)	cepaw	text	0			Pulmonary Artery Width
533	Ascending aorta width (mm)	ceaow	text	0			Ascending Aorta Width
534	Pulmonary Cysts	cecbc	checkbox	0		y	Yes
535	Pulmonary Cysts RUL	cecbcl1	checkbox	0		rul	
536	Pulmonary Cysts RML	cecbcl2	checkbox	0		rml	
537	Pulmonary Cysts RLL	cecbcl3	checkbox	0		rll	
538	Pulmonary Cysts LUL	cecbcl4	checkbox	0		lul	
539	Pulmonary Cysts LLL	cecbcl5	checkbox	0		lll	
540	Pulmonary Blebs/Bullae	cecbb	checkbox	0		y	Yes
541	Pulmonary Blebs/Bullae RUL	cecbbl1	checkbox	0		rul	
542	Pulmonary Blebs/Bullae RML	cecbbl2	checkbox	0		rml	
543	Pulmonary Blebs/Bullae RLL	cecbbl3	checkbox	0		rll	
544	Pulmonary Blebs/Bullae LUL	cecbbl4	checkbox	0		lul	
545	Pulmonary Blebs/Bullae LLL	cecbbl5	checkbox	0		lll	
546	Pulmonary Regional or diffuse consolidation	cerdc	checkbox	0		y	Yes
547	Pulmonary Regional or diffuse consolidation. RUL	cerdcl1	checkbox	0		rul	
548	Pulmonary Regional or diffuse consolidation. RML	cerdcl2	checkbox	0		rml	
549	Pulmonary Regional or diffuse consolidation. RLL	cerdcl3	checkbox	0		rll	
550	Pulmonary Regional or diffuse consolidation. LUL	cerdcl4	checkbox	0		lul	
551	Pulmonary Regional or diffuse consolidation. LLL	cerdcl5	checkbox	0		lll	
552	Pulmonary Scarring	cescr	checkbox	0		y	Yes
553	Pulmonary Regional or diffuse consolidation. RUL	cescrl1	checkbox	0		rul	
554	Pulmonary Regional or diffuse consolidation. RML	cescrl2	checkbox	0		rml	
555	Pulmonary Regional or diffuse consolidation. RLL	cescrl3	checkbox	0		rll	
556	Pulmonary Regional or diffuse consolidation. LUL	cescrl4	checkbox	0		lul	
557	Pulmonary Regional or diffuse consolidation. LLL	cescrl5	checkbox	0		lll	
558	Pulmonary Regional or diffuse consolidation. Unilateral	cescrl6	checkbox	0		au	Unilateral
559	Pulmonary Regional or diffuse consolidation. Bilateral	cescrl7	checkbox	0		ab	Bilateral
560	Pulmonary Bronchiectasis	cebrsb	checkbox	0		y	Yes
561	Pulmonary Bronchiectasis. RUL	cebrsbl1	checkbox	0		rul	
562	Pulmonary Bronchiectasis. RML	cebrsbl2	checkbox	0		rml	
563	Pulmonary Bronchiectasis. RLL	cebrsbl3	checkbox	0		rll	
564	Pulmonary Bronchiectasis. LUL	cebrsbl4	checkbox	0		lul	
565	Pulmonary Bronchiectasis. LLL	cebrsbl5	checkbox	0		lll	
566	Pulmonary Small airways disease	cebrss	checkbox	0		y	Yes
567	Pulmonary Small airways disease. RUL	cebrssl1	checkbox	0		rul	
568	Pulmonary Small airways disease. RML	cebrssl2	checkbox	0		rml	
569	Pulmonary Small airways disease. RLL	cebrssl3	checkbox	0		rll	
570	Pulmonary Small airways disease. LUL	cebrssl4	checkbox	0		lul	
571	Pulmonary Small airways disease. LLL	cebrssl5	checkbox	0		lll	
572	Pulmonary Post-surgical findings	cebs	radio	0		n;o;y;e	N/A;Normal;Abnormal;Not visible
573	Pulmonary Post-surgical findings Right	cebsrt	checkbox	0		r	Right
574	Pulmonary Post-surgical findings Left	cebslt	checkbox	0		l	Left
575	Interstitial Lung Disease. Traction bronchiectasis in a peripheral location	cerb	checkbox	0		y	Yes
576	Interstitial Lung Disease. Traction bronchiectasis in a peripheral location RUL	cerbl1	checkbox	0		rul	
577	Interstitial Lung Disease. Traction bronchiectasis in a peripheral location RML	cerbl2	checkbox	0		rml	
578	Interstitial Lung Disease. Traction bronchiectasis in a peripheral location RLL	cerbl3	checkbox	0		rll	
579	Interstitial Lung Disease. Traction bronchiectasis in a peripheral location LUL	cerbl4	checkbox	0		lul	
580	Interstitial Lung Disease. Traction bronchiectasis in a peripheral location LLL	cerbl5	checkbox	0		lll	
581	Interstitial Lung Disease. Peripheral ground-glass opacities	cepgo	checkbox	0		y	Yes
582	Interstitial Lung Disease. Peripheral ground-glass opacities RUL	cepgol1	checkbox	0		rul	
583	Interstitial Lung Disease. Peripheral ground-glass opacities RML	cepgol2	checkbox	0		rml	
584	Interstitial Lung Disease. Peripheral ground-glass opacities RLL	cepgol3	checkbox	0		rll	
585	Interstitial Lung Disease. Peripheral ground-glass opacities LUL	cepgol4	checkbox	0		lul	
586	Interstitial Lung Disease. Peripheral ground-glass opacities LLL	cepgol5	checkbox	0		lll	
587	Interstitial Lung Disease. Reticulations	ceret	checkbox	0		y	Yes
588	Interstitial Lung Disease. Reticulations RUL	ceretl1	checkbox	0		rul	
589	Interstitial Lung Disease. Reticulations RML	ceretl2	checkbox	0		rml	
590	Interstitial Lung Disease. Reticulations RLL	ceretl3	checkbox	0		rll	
591	Interstitial Lung Disease. Reticulations LUL	ceretl4	checkbox	0		lul	
592	Interstitial Lung Disease. Reticulations LLL	ceretl5	checkbox	0		lll	
593	Interstitial Lung Disease. Honeycombing	cephc	checkbox	0		y	Yes
594	Interstitial Lung Disease. Honeycombing RUL	cephcl1	checkbox	0		rul	
595	Interstitial Lung Disease. Honeycombing RML	cephcl2	checkbox	0		rml	
596	Interstitial Lung Disease. Honeycombing RLL	cephcl3	checkbox	0		rll	
597	Interstitial Lung Disease. Honeycombing LUL	cephcl4	checkbox	0		lul	
598	Interstitial Lung Disease. Honeycombing LLL	cephcl5	checkbox	0		lll	
599	Additional comments on pulmonary abnormalities	ceoppa	textarea	0			Additional comments on pulmonary abnormalities
600	Additional comments on pulmonary abnormalities. Include on Impression.	ceoppai	checkbox	0		y	Include in impression
601	Pleural or pleural-related. Pleural thickening/plaques	cept	checkbox	0		y	Yes
602	Pleural or pleural-related. Pleural thickening/plaques. Right	ceptrt	checkbox	0		r	Right
603	Pleural or pleural-related. Pleural thickening/plaques. Left	ceptlt	checkbox	0		l	Left
604	Pleural or pleural-related. Pleural thickening/plaques. Calcification	ceptct	checkbox	0		c	Calcification
605	Pleural or pleural-related. Rounded atelectasis	cebatr	checkbox	0		y	Yes
606	Pleural or pleural-related. Rounded atelectasis. RUL	cebatrl1	checkbox	0		rul	
607	Pleural or pleural-related. Rounded atelectasis. RML	cebatrl2	checkbox	0		rml	
608	Pleural or pleural-related. Rounded atelectasis. RLL	cebatrl3	checkbox	0		rll	
609	Pleural or pleural-related. Rounded atelectasis. LUL	cebatrl4	checkbox	0		lul	
610	Pleural or pleural-related. Rounded atelectasis. LLL	cebatrl5	checkbox	0		lll	
611	Pleural or pleural-related. Pleural effusion	cepev	checkbox	0		y	Yes
612	Pleural or pleural-related. Pleural effusion. Right	ceper	select-one	1		-;no;sm;mo;lg	-;None;Small;Moderate;Large
613	Pleural or pleural-related. Pleural effusion. Left	cepel	select-one	1		-;no;sm;mo;lg	-;None;Small;Moderate;Large
614	Pleural or pleural-related. Pleural tumor.	cepu	checkbox	0		y	Yes
615	Additional comments on pleural abnormalities	ceoppab	textarea	0			Additional comments on pleural abnormalities
616	Additional comments on pleural abnormalities. Include on impression.	ceoppabi	checkbox	0		y	Include in impression
617	Cardiac and Aoritic abnormalities. Aortic calcifications	cecca	select-one	0		-;no;mi;mo;ex	-;None;Minimal < â…“;Moderate;Extensive > â…”
618	Cardiac and Aoritic abnormalities. Pericardial effusion severity	ceprevm	select-one	0		-;no;mi;mo;ex	-;None;Minimal;Moderate;Extensive
619	Cardiac and Aoritic abnormalities. Additional comments on cardiac abnormalities	cecommca	textarea	0			Additional comments on cardiac abnormalities
620	Cardiac and Aoritic abnormalities. Additional comments on cardiac abnormalities. Include on impression	cecommcai	checkbox	0		y	Include in impression
621	Neck and mediastinal abnormalities. Thyroid	ceata	checkbox	0		y	Yes
622	Neck and mediastinal abnormalities. Thyroid calcification.	ceatc	checkbox	0		c	Calcification
623	Neck and mediastinal abnormalities. Thyroid Cyst/nodule < 15 mm	ceaty	checkbox	0		y	Cyst/nodule < 15 mm
624	Neck and mediastinal abnormalities. Thyroid Mass	ceatm	checkbox	0		m	Mass
625	Neck and mediastinal abnormalities. Thyroid Other	ceato	checkbox	0		o	Other
626	Neck and mediastinal abnormalities. Throid Specifiy	ceatos	text	1			Specify
627	Neck and mediastinal abnormalities. Thymus	ceaya	checkbox	0		y	Yes
628	Neck and mediastinal abnormalities. Thymus calcification.	ceayc	checkbox	0		c	Calcification
629	Neck and mediastinal abnormalities. Thymus Cyst	ceayy	checkbox	0		y	Cyst
630	Neck and mediastinal abnormalities. Thymus Mass	ceaym	checkbox	0		m	Mass
631	Neck and mediastinal abnormalities. Thymus. Other	ceayo	checkbox	0		o	Other
632	Neck and mediastinal abnormalities. Thymus Speicfy	ceayos	text	1			Specify
633	Neck and mediastinal abnormalities. Lymph Nodes (w/o central fat). Any enlarged or growing hilar or mediastinal lymph nodes.	cemln	checkbox	0		y	Yes
634	Neck and mediastinal abnormalities. Lymph Nodes (w/o central fat). Any enlarged or growing hilar or mediastinal lymph nodes. N1: Low cervical; supraclavicular; and sternal notch nodes	cemlnl1	checkbox	0		N1	"N1: Low cervical, supraclavicular, and sternal notch nodes"
635	Neck and mediastinal abnormalities. Lymph Nodes (w/o central fat). Any enlarged or growing hilar or mediastinal lymph nodes. N2R: Upper paratracheal (right)	cemlnl2r	checkbox	0		N2R	N2R: Upper paratracheal (right)
636	Neck and mediastinal abnormalities. Lymph Nodes (w/o central fat). Any enlarged or growing hilar or mediastinal lymph nodes. N2L: Upper paratracheal (left)	cemlnl2l	checkbox	0		N2L	N2L: Upper paratracheal (left)
637	Neck and mediastinal abnormalities. Lymph Nodes (w/o central fat). Any enlarged or growing hilar or mediastinal lymph nodes. N3A: Prevascular	cemlnl3a	checkbox	0		N3A	N3A: Prevascular
638	Neck and mediastinal abnormalities. Lymph Nodes (w/o central fat). Any enlarged or growing hilar or mediastinal lymph nodes N3P: Retrotracheal	cemlnl3p	checkbox	0		N3P	N3P: Retrotracheal
639	Neck and mediastinal abnormalities. Lymph Nodes (w/o central fat). Any enlarged or growing hilar or mediastinal lymph nodes. N4R: Lower paratracheal (right)	cemlnl4r	checkbox	0		N4R	N4R: Lower paratracheal (right)
640	Neck and mediastinal abnormalities. Lymph Nodes (w/o central fat). Any enlarged or growing hilar or mediastinal lymph nodes. N4L: Lower paratracheal (left)	cemlnl4l	checkbox	0		N4L	N4L: Lower paratracheal (left)
641	Neck and mediastinal abnormalities. Lymph Nodes (w/o central fat). Any enlarged or growing hilar or mediastinal lymph nodes. N5: Subaortic	cemlnl5	checkbox	0		N5	N5: Subaortic
642	Neck and mediastinal abnormalities. Lymph Nodes (w/o central fat). Any enlarged or growing hilar or mediastinal lymph nodes. N6: Para-aortic (ascending aorta or phrenic)	cemlnl6	checkbox	0		N6	N6: Para-aortic (ascending aorta or phrenic)
643	Neck and mediastinal abnormalities. Lymph Nodes (w/o central fat). Any enlarged or growing hilar or mediastinal lymph nodes. N7: Subcarinal	cemlnl7	checkbox	0		N7	N7: Subcarinal
644	Neck and mediastinal abnormalities. Lymph Nodes (w/o central fat). Any enlarged or growing hilar or mediastinal lymph nodes. N8: Paraesophageal (below carina)	cemlnl8	checkbox	0		N8	N8: Paraesophageal (below carina)
645	Neck and mediastinal abnormalities. Lymph Nodes (w/o central fat). Any enlarged or growing hilar or mediastinal lymph nodes. N9: Pulmonary ligament	cemlnl9	checkbox	0		N9	N9: Pulmonary ligament
646	Neck and mediastinal abnormalities. Lymph Nodes (w/o central fat). Any enlarged or growing hilar or mediastinal lymph nodes. N10: Hilar	cemlnl10	checkbox	0		N10	N10: Hilar
647	Neck and mediastinal abnormalities. Lymph Nodes (w/o central fat). Any enlarged or growing hilar or mediastinal lymph nodes. N11: Interlobar	cemlnl11	checkbox	0		N11	N11: Interlobar
648	Neck and mediastinal abnormalities. Lymph Nodes (w/o central fat). Any enlarged or growing hilar or mediastinal lymph nodes. N12: Lobar	cemlnl12	checkbox	0		N12	N12: Lobar
649	Neck and mediastinal abnormalities. Lymph Nodes (w/o central fat). Any enlarged or growing hilar or mediastinal lymph nodes. N13: Segmental	cemlnl13	checkbox	0		N13	N13: Segmental
650	Neck and mediastinal abnormalities. Lymph Nodes (w/o central fat). Any enlarged or growing hilar or mediastinal lymph nodes. N14: Subsegmental	cemlnl14	checkbox	0		N14	N14: Subsegmental
651	Neck and mediastinal abnormalities. Lymph Nodes (w/o central fat). Any calcified hilar or mediastinal lymph nodes	cemlncab	checkbox	0		y	Yes
652	Neck and mediastinal abnormalities. Lymph Nodes (w/o central fat). Abnormal axillary lymph nodes.	ceagaln	checkbox	0		y	Yes
653	Neck and mediastinal abnormalities. Lymph Nodes (w/o central fat). Abnormal axillary lymph nodes. Right	ceagalnrt	checkbox	0		r	Right
654	Neck and mediastinal abnormalities. Lymph Nodes (w/o central fat). Abnormal axillary lymph nodes. Left	ceagalnlt	checkbox	0		l	Left
655	Neck and mediastinal abnormalities. Lymph Nodes (w/o central fat). Abnormal axillary lymph nodes. Specify	ceagalns	text	1			Specify
656	Neck and mediastinal abnormalities. Lymph Nodes (w/o central fat). Other Vascular Abnormalities	cemva	checkbox	0		y	Yes
657	Neck and mediastinal abnormalities. Lymph Nodes (w/o central fat). Other Vascular Abnormalities. Aorta	cemvaa	checkbox	0		a	Aorta
658	Neck and mediastinal abnormalities. Lymph Nodes (w/o central fat). Other Vascular Abnormalities. Pulmonary arteries	cemvap	checkbox	0		w	Pulmonary arteries
659	Neck and mediastinal abnormalities. Lymph Nodes (w/o central fat). Other Vascular Abnormalities. Other.	cemvao	checkbox	0		o	Other
660	Neck and mediastinal abnormalities. Lymph Nodes (w/o central fat). Other Vascular Abnormalities. Speicify	cemvaos	text	1			Specify
661	Neck and mediastinal abnormalities. Lymph Nodes (w/o central fat). Esophogeal	cemeln	checkbox	0		y	Yes
662	Neck and mediastinal abnormalities. Lymph Nodes (w/o central fat). Esophogeal Air-fluid level	cemelna	checkbox	0		a	Air-fluid level
663	Neck and mediastinal abnormalities. Lymph Nodes (w/o central fat). Esophogeal Wall thickening	cemelnw	checkbox	0		w	Wall thickening
664	Neck and mediastinal abnormalities. Lymph Nodes (w/o central fat). Esophogeal. Mass	cemelnm	checkbox	0		m	Mass
665	Neck and mediastinal abnormalities. Lymph Nodes (w/o central fat). Esophogeal. Other	cemvlno	checkbox	0		o	Other
666	Neck and mediastinal abnormalities. Lymph Nodes (w/o central fat). Esophogeal. Other Specify	cemelnos	text	1			Specify
667	Neck and mediastinal abnormalities. Lymph Nodes (w/o central fat). Esophogeal. Hiatal hernia	cehhn	checkbox	0		y	Yes
668	Neck and mediastinal abnormalities. Lymph Nodes (w/o central fat). Esophogeal. Hiatal hernia. Other Specify	cehhnos	text	1			Specify
669	Neck and mediastinal abnormalities. Lymph Nodes (w/o central fat). Esophogeal. Other mediastinal masses.	ceomm	checkbox	0		y	Yes
670	Neck and mediastinal abnormalities. Lymph Nodes (w/o central fat). Esophogeal. Other mediastinal masses. Calcification	ceamc	checkbox	0		v	Calcification
671	Neck and mediastinal abnormalities. Lymph Nodes (w/o central fat). Esophogeal. Other mediastinal masses. Cyst	ceamy	checkbox	0		y	Cyst
672	Neck and mediastinal abnormalities. Lymph Nodes (w/o central fat). Esophogeal. Other mediastinal masses. Mass	ceamm	checkbox	0		m	Mass
673	Neck and mediastinal abnormalities. Lymph Nodes (w/o central fat). Esophogeal. Other mediastinal masses. Other	ceamo	checkbox	0		o	Other
674	Neck and mediastinal abnormalities. Lymph Nodes (w/o central fat). Esophogeal. Other mediastinal masses. Other specify	ceommos	text	1			Specify
675	Neck and mediastinal abnormalities. Lymph Nodes (w/o central fat). Esophogeal. Additional comments on neck and mediastinal abnormalities	ceotabnm	textarea	0			Additional comments on neck and mediastinal abnormalities
676	Neck and mediastinal abnormalities. Lymph Nodes (w/o central fat). Esophogeal. Additional comments on neck and mediastinal abnormalities. Other Specify	ceotabnmi	checkbox	0		y	Include in impression
677	Breast. Right breast	ceara	checkbox	0		y	Yes
678	Breast. Right breast. Calcification	ceobarc	checkbox	0		c	Calcification
679	Breast. Right breast. Cyst	ceobary	checkbox	0		y	Cyst
680	Breast. Right breast. Mass	ceobarm	checkbox	0		m	Mass
681	Breast. Right breast. Other	ceobaro	checkbox	0		o	Other
682	Breast. Right breast. Other Specify.	ceobaros	text	1			Specify
683	Breast. Right breast. Density Calibration (BIORADS)	ceobard	select-one	0		-;1;2;3;4	-;1 - Almost entirely fatty;2 - Scattered areas of fibroglandular density;3 - Heterogeneously dense;4 - Extremely dense
684	Breast. Left breast	ceafa	checkbox	0		y	Yes
685	Breast. Left breast. Calcification	ceobafc	checkbox	0		c	Calcification
686	Breast. Left breast. Cyst	ceobafy	checkbox	0		y	Cyst
687	Breast. Left breast. Mass	ceobafm	checkbox	0		m	Mass
688	Breast. Left breast. Other	ceobafo	checkbox	0		o	Other
689	Breast. Left breast. Other Specify.	ceobafos	text	1			Specify
690	Breast. Left breast. Density Calibration (BIORADS)	ceobald	select-one	0		-;1;2;3;4	-;1 - Almost entirely fatty;2 - Scattered areas of fibroglandular density;3 - Heterogeneously dense;4 - Extremely dense
691	Breast. Additional comments on breast abnormalities	ceobrc	textarea	0			Additional comments on breast abnormalities
692	Breast. Additional comments on breast abnormalities. Include in impression.	ceobrci	checkbox	0		y	Include in impression
693	Bone. Specify bone abnormalities	ceaoabb	textarea	0			Specify bone abnormalities
694	Bone. Specify bone abnormalities. Include in impression	ceaoabbi	checkbox	0		y	Include in impression
695	Abdominal abnormalities. Gallbladder	ceaga	checkbox	0		y	Yes
696	Abdominal abnormalities. Gallbladder. Cholescystectomy	ceagh	checkbox	0		h	Cholecystectomy
697	Abdominal abnormalities. Gallbladder. Stones	ceags	checkbox	0		s	Stones
698	Abdominal abnormalities. Gallbladder. Sludge	ceagl	checkbox	0		l	Sludge
699	Abdominal abnormalities. Gallbladder. Other	ceago	checkbox	0		y	Other
700	Abdominal abnormalities. Gallbladder. Other specify.	ceagos	text	1			Specify
701	Abdominal abnormalities. Spleen.	ceasa	checkbox	0		y	Yes
702	Abdominal abnormalities. Spleen. Calcification	ceasc	checkbox	0		y	Calcification
703	Abdominal abnormalities. Spleen. Cyst	ceasy	checkbox	0		y	Cyst
704	Abdominal abnormalities. Spleen. Mass	ceasm	checkbox	0		m	Mass
705	Abdominal abnormalities. Spleen. Other.	ceaso	checkbox	0		y	Other
706	Abdominal abnormalities. Spleen. Other specify	ceasos	text	1			Specify
707	Abdominal abnormalities. Liver.	ceala	checkbox	0		y	Yes
708	Abdominal abnormalities. Liver. Calcification	cealc	checkbox	0		y	Calcification
709	Abdominal abnormalities. Liver. Cyst	cealy	checkbox	0		y	Cyst
710	Abdominal abnormalities. Liver. Mass	cealm	checkbox	0		m	Mass
711	Abdominal abnormalities. Liver. HU < 40	cealh	checkbox	0		h	HU < 40
712	Abdominal abnormalities. Liver. Other.	cealo	checkbox	0		y	Other
713	Abdominal abnormalities. Liver. Other specify.	cealos	text	1			Specify
714	Abdominal abnormalities. Pancreas.	ceapa	checkbox	0		y	Yes
715	Abdominal abnormalities. Pancreas. Calcification	ceapc	checkbox	0		y	Calcification
716	Abdominal abnormalities. Pancreas. Cyst	ceapy	checkbox	0		y	Cyst
717	Abdominal abnormalities. Pancreas. Mass	ceapm	checkbox	0		m	Mass
718	Abdominal abnormalities. Pancreas. Other	ceapo	checkbox	0		y	Other
719	Abdominal abnormalities. Pancreas. Other specify	ceapos	text	1			Specify
720	Abdominal abnormalities. Adrenals.	ceaaa	checkbox	0		y	Yes
721	Abdominal abnormalities. Adrenals. Calcification	ceaac	checkbox	0		y	Calcification
722	Abdominal abnormalities. Adrenals. Cyst	ceaay	checkbox	0		y	Cyst
723	Abdominal abnormalities. Adrenals. Mass	ceaam	checkbox	0		m	Mass
724	Abdominal abnormalities. Adrenals. Other	ceaao	checkbox	0		y	Other
725	Abdominal abnormalities. Adrenals. Other specify	ceaaos	text	1			Specify
726	Abdominal abnormalities. Kidney.	ceaka	checkbox	0		y	Yes
727	Abdominal abnormalities. Kidney. Calcification	ceakc	checkbox	0		y	Calcification
728	Abdominal abnormalities. Kidney. Cyst	ceaky	checkbox	0		y	Cyst
729	Abdominal abnormalities. Kidney. Mass	ceakm	checkbox	0		m	Mass
730	Abdominal abnormalities. Kidney. Other	ceako	checkbox	0		y	Other
731	Abdominal abnormalities. Kidney. Other specify	ceakos	text	1			Specify
732	Additional comments on abdominal abnormalities	ceaoab	textarea	0			Additional comments on abdominal abnormalities
733	Additional comments on abdominal abnormalities. Include in impression.	ceaoabi	checkbox	0		y	Include in impression
734	Follow-up 1 year	cefuw	checkbox	0		1y	Annual repeat
735	Follow-up Approximate follow-up date	cefud	text	0			Approximate follow-up date:
736	Other follow-up. Antibiotics	cefuaf	checkbox	0		y	Antibiotics
737	Other follow-up. Contrast CT	cefucc	checkbox	0		y	Contrast CT
738	Other follow-up. PET	cefupe	checkbox	0		y	PET
739	Other follow-up Percutaneous biopsy	cefufn	checkbox	0		y	Percutaneous biopsy
740	Other follow-up Bronchoscopy	cefubr	checkbox	0		y	Bronchoscopy
741	Other follow-up Pulmonary consultation	cefupc	checkbox	0		y	Pulmonary consultation
742	Other follow-up Refer to tumor board	cefutb	checkbox	0		y	Refer to tumor board
743	Other follow-up No other follow-up	cefunf	checkbox	0		y	No other further follow-up
744	Other follow-up Other and Specify (* ? error)	cefuo	checkbox	0		y	Other
745	Other follow-up Other and Specify (* ? error)	cefuo	text	1			