siteid|samistudyid|form|ptdos|ptrad|ptradnpi|ptofr|sidoe|cedos|ceanod|cenncnlt|cect1ch|cect2ch|cect3ch|cect4ch|cect5ch|cect6ch|cect7ch|cect8ch|cect9ch|cect10ch|cect1en|cect2en|cect3en|cect4en|cect5en|cect6en|cect7en|cect8en|cect9en|cect10en|cect1ll|cect2ll|cect3ll|cect4ll|cect5ll|cect6ll|cect7ll|cect8ll|cect9ll|cect10ll|cect1su|cect2su|cect3su|cect4su|cect5su|cect6su|cect7su|cect8su|cect9su|cect10su|cect1sn|cect2sn|cect3sn|cect4sn|cect5sn|cect6sn|cect7sn|cect8sn|cect9sn|cect10sn|cect1inl|cect1inh|cect2inl|cect2inh|cect3inl|cect3inh|cect4inl|cect4inh|cect5inl|cect5inh|cect6inl|cect6inh|cect7inl|cect7inh|cect8inl|cect8inh|cect9inl|cect9inh|cect10inl|cect10inh|cect1st|cect2st|cect3st|cect4st|cect5st|cect6st|cect7st|cect8st|cect9st|cect10st|cect1nt|cect2nt|cect3nt|cect4nt|cect5nt|cect6nt|cect7nt|cect8nt|cect9nt|cect10nt|cect1sl|cect2sl|cect3sl|cect4sl|cect5sl|cect6sl|cect7sl|cect8sl|cect9sl|cect10sl|cect1sw|cect2sw|cect3sw|cect4sw|cect5sw|cect6sw|cect7sw|cect8sw|cect9sw|cect10sw|cect1sh|cect2sh|cect3sh|cect4sh|cect5sh|cect6sh|cect7sh|cect8sh|cect9sh|cect10sh|cect1sv|cect2sv|cect3sv|cect4sv|cect5sv|cect6sv|cect7sv|cect8sv|cect9sv|cect10sv|cect1ssl|cect1ssw|cect2ssl|cect2ssw|cect3ssl|cect3ssw|cect4ssl|cect4ssw|cect5ssl|cect5ssw|cect6ssl|cect6ssw|cect7ssl|cect7ssw|cect8ssl|cect8ssw|cect9ssl|cect9ssw|cect10ssl|cect10ssw|cect1se|cect2se|cect3se|cect4se|cect5se|cect6se|cect7se|cect8se|cect9se|cect10se|cect1ca|cect2ca|cect3ca|cect4ca|cect5ca|cect6ca|cect7ca|cect8ca|cect9ca|cect10ca|cectin|cect1in|cect2in|cect3in|cect4in|cect5in|cect6in|cect7in|cect8in|cect9in|cect10in|cect1sp|cect2sp|cect3sp|cect4sp|cect5sp|cect6sp|cect7sp|cect8sp|cect9sp|cect10sp|cect1pld|cect2pld|cect3pld|cect4pld|cect5pld|cect6pld|cect7pld|cect8pld|cect9pld|cect10pld|cect1ac|cect2ac|cect3ac|cect4ac|cect5ac|cect6ac|cect7ac|cect8ac|cect9ac|cect10ac|cect1co|cect2co|cect3co|cect4co|cect5co|cect6co|cect7co|cect8co|cect9co|cect10co|cect1pd|cect2pd|cect3pd|cect4pd|cect5pd|cect6pd|cect7pd|cect8pd|cect9pd|cect10pd|cectancn|cectacn|celrad|celrads|celradc|ptpdt|ptpdtln|ceaf|ceafl1|ceafo1|ceafl2|ceafo2|ceafmc|ceofo|cefu|cefud|cefuw|ceimn|ceimo|ceimre
XXX|XXX00051|ptform-2019-02-19|02/19/2019|King,Matt|111111111|n|02/19/2019|02/19/2019|yes|n|n||||||||||||||||||||lul||||||||||||||||||||||||||||||||||||||||||||||||||un|||||||||||||||||||||||||||||||||||||||||||||||||||||||||||||||||||||||||||||||||||||||||||||||||||||||||||||||||||||||||||||||||||||||||||||||||||||||-||||||||||||1|||details 1|details 2|yes|n|lymph nodes|-|||detail 3|rs|02/19/2020|1y|rs|rs|details 4
XXX|XXX00332|ptform-2018-06-18|||||||||||||||||||||||||||||||||||||||||||||||||||||||||||||||||||||||||||||||||||||||||||||||||||||||||||||||||||||||||||||||||||||||||||||||||||||||||||||||||||||||||||||||||||||||||||||||||||||||||||||||||||||||||||||||||||||||||||||||||||||||||||||||||||
XXX|XXX00362|ptform-2019-11-22|||||||||||||||||||||||||||||||||||||||||||||||||||||||||||||||||||||||||||||||||||||||||||||||||||||||||||||||||||||||||||||||||||||||||||||||||||||||||||||||||||||||||||||||||||||||||||||||||||||||||||||||||||||||||||||||||||||||||||||||||||||||||||||||||||
XXX|XXX00491|ptform-2018-06-20|||||||||||||||||||||||||||||||||||||||||||||||||||||||||||||||||||||||||||||||||||||||||||||||||||||||||||||||||||||||||||||||||||||||||||||||||||||||||||||||||||||||||||||||||||||||||||||||||||||||||||||||||||||||||||||||||||||||||||||||||||||||||||||||||||
XXX|XXX00507|ptform-2019-02-18|||||||||||||||||||||||||||||||||||||||||||||||||||||||||||||||||||||||||||||||||||||||||||||||||||||||||||||||||||||||||||||||||||||||||||||||||||||||||||||||||||||||||||||||||||||||||||||||||||||||||||||||||||||||||||||||||||||||||||||||||||||||||||||||||||
XXX|XXX00691|ptform-2018-05-20|||||||||||||||||||||||||||||||||||||||||||||||||||||||||||||||||||||||||||||||||||||||||||||||||||||||||||||||||||||||||||||||||||||||||||||||||||||||||||||||||||||||||||||||||||||||||||||||||||||||||||||||||||||||||||||||||||||||||||||||||||||||||||||||||||
XXX|XXX00731|ptform-2018-07-11|07/11/2018|Test|99|n|07/11/2018|07/11/2018|yes|yes|-||||||||||||||||||||-||||||||||||||||||||||||||||||||||||||||||||||||||-|||||||||||||||||||||||||||||||||||||||||||||||||||||||||||||||||||||||||||||||||||||||||||||||||||||||||||||||||||||||||||||||||||||||||||||||||||||||-||||||||||||-||||||-||-||||-|||||
XXX|XXX00757|ptform-2019-03-25|||||||||||||||||||||||||||||||||||||||||||||||||||||||||||||||||||||||||||||||||||||||||||||||||||||||||||||||||||||||||||||||||||||||||||||||||||||||||||||||||||||||||||||||||||||||||||||||||||||||||||||||||||||||||||||||||||||||||||||||||||||||||||||||||||
XXX|XXX9000003|ptform-2020-02-11|02/11/2020|King|11111111111|n|02/10/2020|02/10/2020|y|n|pn|pn|n|-|-|-|-|-|-|-|no|no|lm|-|-|-|-|-|-|-|lll|lul|lul|-|-|-|-|-|-|-|23.0|21.0|33.0||||||||2|1|3||||||||2|3|1|2|2|3|||||||||||||||un|un|bc|-|-|-|-|-|-|-|s|s|s|-|-|-|-|-|-|-|8.0|6.0|5.0||||||||9.0|7.0|5.0||||||||10.0|8.0|5.0||||||||377.0|175.9|65.4|||||||||||||||||||||||||||||y|||||||||||y||||||||||||||||||||y|||||||||4.0|4.0|5.0||||||||-|-|s|-|-|-|-|-|-|-|comment nodule two|comment nodule one|comment nodule three from PET||||||||-|-|-|-|-|-|-|-|-|-|||3|||details of PET here|none|yes|a|steak sauce seen|-||||rs|02/11/2021|1y|ro|oa|remarks
